Gene_set,Term,Overlap,P-value,Adjusted P-value,Old P-value,Old Adjusted P-value,Odds Ratio,Combined Score,Genes
miRTarBase_2017,hsa-miR-758-5p,2/63,0.0009986089739441929,0.2157800910380185,0,0,50.24968474148802,347.18247232150554,CREBRF;TSPAN1
miRTarBase_2017,hsa-miR-449b-3p,2/116,0.0033331863204364,0.2157800910380185,0,0,26.81646423751687,152.95646148610297,CREBRF;TSPAN1
miRTarBase_2017,hsa-miR-573,2/123,0.0037381253660131,0.2157800910380185,0,0,25.25619834710744,141.16121218646114,CD200R1;TSPAN1
miRTarBase_2017,hsa-miR-639,1/9,0.0067310464938694,0.2157800910380185,0,0,178.36607142857142,892.013120036697,CREBRF
miRTarBase_2017,hsa-miR-4736,2/171,0.0070928700589526,0.2157800910380185,0,0,18.039144287665,89.26968587265013,CREBRF;TSPAN1
miRTarBase_2017,mmu-miR-582-3p,1/10,0.0074763281564485,0.2157800910380185,0,0,158.53968253968253,776.212425317664,CREBRF
miRTarBase_2017,mmu-miR-877-5p,1/13,0.0097090442156726,0.2157800910380185,0,0,118.88690476190476,551.0048324972125,RND1
miRTarBase_2017,hsa-miR-195-5p,3/639,0.0110855280120328,0.2157800910380185,0,0,7.605738993710692,34.24191011915582,CCL4;SIRT4;CREBRF
miRTarBase_2017,mmu-miR-1197-3p,1/16,0.0119370735063595,0.2157800910380185,0,0,95.0952380952381,421.0918230074216,RND1
miRTarBase_2017,mmu-miR-1929-5p,1/18,0.01341982690512,0.2157800910380185,0,0,83.89915966386555,361.6911269349327,RND1
miRTarBase_2017,hsa-miR-15a-5p,3/716,0.01506880370391,0.2157800910380185,0,0,6.757363253856942,28.3480081990052,TSPYL2;SIRT4;CREBRF
miRTarBase_2017,mmu-miR-467f,2/265,0.016390828475332,0.2157800910380185,0,0,11.536706639368235,47.42778562701504,CD200R1;CREBRF
miRTarBase_2017,mmu-miR-207,1/24,0.0178556385652366,0.2157800910380185,0,0,61.993788819875775,249.55202523941097,CREBRF
miRTarBase_2017,hsa-miR-98-5p,3/785,0.0192549296968238,0.2157800910380185,0,0,6.139066496163683,24.249239991020406,DUSP1;INHBE;BIRC3
miRTarBase_2017,mmu-miR-669j,1/26,0.0193301017548387,0.2157800910380185,0,0,57.02857142857143,225.0399736139121,CD200R1
miRTarBase_2017,hsa-miR-323b-5p,1/26,0.0193301017548387,0.2157800910380185,0,0,57.02857142857143,225.0399736139121,CREBRF
miRTarBase_2017,mmu-miR-669i,1/26,0.0193301017548387,0.2157800910380185,0,0,57.02857142857143,225.0399736139121,CD200R1
miRTarBase_2017,mmu-miR-101a-3p,1/27,0.020066558464378,0.2157800910380185,0,0,54.832417582417584,214.3235039145759,DUSP1
miRTarBase_2017,hsa-miR-410-5p,1/27,0.020066558464378,0.2157800910380185,0,0,54.832417582417584,214.3235039145759,CREBRF
miRTarBase_2017,mmu-miR-448-3p,1/27,0.020066558464378,0.2157800910380185,0,0,54.832417582417584,214.3235039145759,CD200R1
miRTarBase_2017,hsa-miR-494-5p,1/28,0.0208024990214188,0.2157800910380185,0,0,52.7989417989418,204.47351966705395,CREBRF
miRTarBase_2017,mmu-miR-532-5p,1/28,0.0208024990214188,0.2157800910380185,0,0,52.7989417989418,204.47351966705395,RND1
miRTarBase_2017,hsa-miR-5687,1/30,0.0222728330244505,0.2157800910380185,0,0,49.15270935960592,186.9959576603662,CREBRF
miRTarBase_2017,mmu-miR-338-5p,1/33,0.024474471226601,0.2157800910380185,0,0,44.53794642857143,165.24133492847943,CREBRF
miRTarBase_2017,hsa-miR-4535,1/33,0.024474471226601,0.2157800910380185,0,0,44.53794642857143,165.24133492847943,CREBRF
miRTarBase_2017,hsa-miR-4776-5p,1/34,0.0252073218784412,0.2157800910380185,0,0,43.18614718614719,158.95183056590523,CREBRF
miRTarBase_2017,hsa-miR-4635,2/335,0.0254353398079933,0.2157800910380185,0,0,9.07923307923308,33.33545508936124,CD200R1;LPXN
miRTarBase_2017,hsa-miR-4256,1/35,0.0259396587086567,0.2157800910380185,0,0,41.91386554621849,153.06869330263612,CREBRF
miRTarBase_2017,mmu-miR-511-5p,1/36,0.0266714820499685,0.2157800910380185,0,0,40.71428571428572,147.55510087647235,RND1
miRTarBase_2017,hsa-miR-597-3p,1/37,0.0274027922368154,0.2157800910380185,0,0,39.58134920634921,142.37848146420913,DUSP1
miRTarBase_2017,mmu-miR-539-3p,1/37,0.0274027922368154,0.2157800910380185,0,0,39.58134920634921,142.37848146420913,CREBRF
miRTarBase_2017,hsa-miR-4750-3p,1/38,0.028133589600523,0.2157800910380185,0,0,38.50965250965251,137.5099227922053,CREBRF
miRTarBase_2017,mmu-miR-381-3p,1/38,0.028133589600523,0.2157800910380185,0,0,38.50965250965251,137.5099227922053,CREBRF
miRTarBase_2017,hsa-miR-182-3p,1/40,0.0295936471887674,0.2157800910380185,0,0,36.53113553113553,128.5967411966507,DUSP1
miRTarBase_2017,hsa-miR-218-1-3p,1/42,0.03105165746751,0.2157800910380185,0,0,34.745644599303134,120.6404600270104,DUSP1
miRTarBase_2017,hsa-miR-1246,1/43,0.0317798956959378,0.2157800910380185,0,0,33.916666666666664,116.97591748147126,CREBRF
miRTarBase_2017,hsa-miR-711,1/48,0.0354134310062899,0.2157800910380185,0,0,30.300911854103344,101.22516915069232,CREBRF
miRTarBase_2017,hsa-miR-136-3p,1/48,0.0354134310062899,0.2157800910380185,0,0,30.300911854103344,101.22516915069232,CREBRF
miRTarBase_2017,hsa-miR-1178-5p,1/49,0.0361386092201723,0.2157800910380185,0,0,29.668154761904763,98.50994756608031,CD200R1
miRTarBase_2017,hsa-miR-376a-2-5p,1/49,0.0361386092201723,0.2157800910380185,0,0,29.668154761904763,98.50994756608031,CREBRF
miRTarBase_2017,hsa-miR-152-5p,1/50,0.0368632785936063,0.2157800910380185,0,0,29.06122448979592,95.91771596133704,DUSP1
miRTarBase_2017,mmu-miR-466f-3p,2/426,0.0395764439647186,0.2157800910380185,0,0,7.097605224963716,22.921866451625096,CD200R1;CREBRF
miRTarBase_2017,hsa-miR-3137,1/54,0.0397568742449852,0.2157800910380185,0,0,26.862533692722373,86.63093286520242,CREBRF
miRTarBase_2017,hsa-miR-6772-3p,1/55,0.0404790043547981,0.2157800910380185,0,0,26.36375661375661,84.5478253280487,CREBRF
miRTarBase_2017,hsa-miR-3935,1/56,0.041200627604441,0.2157800910380185,0,0,25.883116883116884,82.54907099640234,CREBRF
miRTarBase_2017,hsa-miR-3074-3p,1/59,0.0433624594690451,0.2157800910380185,0,0,24.54064039408867,77.0124855419272,CREBRF
miRTarBase_2017,hsa-miR-1179,1/59,0.0433624594690451,0.2157800910380185,0,0,24.54064039408867,77.0124855419272,CREBRF
miRTarBase_2017,hsa-miR-103a-3p,2/452,0.0440656196848278,0.2157800910380185,0,0,6.678632478632479,20.851194164228552,SIRT4;CREBRF
miRTarBase_2017,hsa-miR-103b,1/61,0.0448011524424067,0.2157800910380185,0,0,23.72023809523809,73.66370739100482,TSPAN1
miRTarBase_2017,hsa-miR-138-1-3p,1/61,0.0448011524424067,0.2157800910380185,0,0,23.72023809523809,73.66370739100482,LPXN
miRTarBase_2017,hsa-miR-4752,1/62,0.0455197414373441,0.2157800910380185,0,0,23.330210772833723,72.08123312729496,CREBRF
miRTarBase_2017,hsa-miR-6740-3p,1/64,0.0469554060796374,0.2157800910380185,0,0,22.58730158730159,69.0845479012675,CREBRF
miRTarBase_2017,hsa-miR-15b-3p,1/66,0.0483890551226402,0.2157800910380185,0,0,21.89010989010989,66.29379556401673,SIRT4
miRTarBase_2017,hsa-miR-27b-5p,1/67,0.049105124607314,0.2157800910380185,0,0,21.557359307359302,64.96939440904092,CXCL1
miRTarBase_2017,hsa-miR-4313,1/67,0.049105124607314,0.2157800910380185,0,0,21.557359307359302,64.96939440904092,TSPAN1
miRTarBase_2017,hsa-miR-584-5p,1/67,0.049105124607314,0.2157800910380185,0,0,21.557359307359302,64.96939440904092,TSPAN1
miRTarBase_2017,hsa-miR-4678,1/67,0.049105124607314,0.2157800910380185,0,0,21.557359307359302,64.96939440904092,DUSP1
miRTarBase_2017,hsa-miR-659-3p,1/68,0.0498206911792053,0.2157800910380185,0,0,21.23454157782516,63.6892892034775,DUSP1
miRTarBase_2017,hsa-miR-155-3p,1/68,0.0498206911792053,0.2157800910380185,0,0,21.23454157782516,63.6892892034775,CREBRF
miRTarBase_2017,hsa-miR-6882-5p,1/69,0.0505357551625392,0.2157800910380185,0,0,20.92121848739496,62.4513889160488,CREBRF
miRTarBase_2017,hsa-miR-218-2-3p,1/71,0.0519643766701574,0.2157800910380185,0,0,20.321428571428573,60.09446474588032,TSPAN1
miRTarBase_2017,hsa-miR-5002-5p,1/72,0.0526779348512287,0.2157800910380185,0,0,20.03420523138833,58.9718571959067,DUSP1
miRTarBase_2017,hsa-miR-6830-5p,1/75,0.0548156030017759,0.2157800910380185,0,0,19.219111969111967,55.80808062680676,TSPAN1
miRTarBase_2017,hsa-miR-1911-3p,1/75,0.0548156030017759,0.2157800910380185,0,0,19.219111969111967,55.80808062680676,TSPAN1
miRTarBase_2017,hsa-miR-5006-5p,1/76,0.0555271580205681,0.2157800910380185,0,0,18.96190476190476,54.81664896212504,CREBRF
miRTarBase_2017,hsa-miR-4429,1/78,0.0569487684566197,0.2157800910380185,0,0,18.467532467532468,52.920620399451245,CREBRF
miRTarBase_2017,hsa-miR-4448,1/78,0.0569487684566197,0.2157800910380185,0,0,18.467532467532468,52.920620399451245,CREBRF
miRTarBase_2017,hsa-miR-4268,1/79,0.0576588245288115,0.2157800910380185,0,0,18.22985347985348,52.013636218945,CREBRF
miRTarBase_2017,hsa-miR-320d,1/79,0.0576588245288115,0.2157800910380185,0,0,18.22985347985348,52.013636218945,CREBRF
miRTarBase_2017,hsa-miR-34a-3p,1/81,0.0590774399971135,0.2157800910380185,0,0,17.772321428571427,50.27622944918878,TSPAN1
miRTarBase_2017,mmu-miR-466m-5p,1/83,0.0604940620743171,0.2157800910380185,0,0,17.337108013937282,48.63422992112451,CD200R1
miRTarBase_2017,mmu-miR-466j,1/83,0.0604940620743171,0.2157800910380185,0,0,17.337108013937282,48.63422992112451,CD200R1
miRTarBase_2017,mmu-miR-466h-5p,1/83,0.0604940620743171,0.2157800910380185,0,0,17.337108013937282,48.63422992112451,CD200R1
miRTarBase_2017,hsa-miR-5087,1/83,0.0604940620743171,0.2157800910380185,0,0,17.337108013937282,48.63422992112451,TSPAN1
miRTarBase_2017,mmu-miR-669m-5p,1/83,0.0604940620743171,0.2157800910380185,0,0,17.337108013937282,48.63422992112451,CD200R1
miRTarBase_2017,hsa-miR-3686,1/84,0.0612016264045237,0.2157800910380185,0,0,17.12736660929432,47.84669475315345,CREBRF
miRTarBase_2017,hsa-miR-6074,1/84,0.0612016264045237,0.2157800910380185,0,0,17.12736660929432,47.84669475315345,CREBRF
miRTarBase_2017,hsa-miR-3182,1/84,0.0612016264045237,0.2157800910380185,0,0,17.12736660929432,47.84669475315345,CREBRF
miRTarBase_2017,hsa-miR-365b-3p,1/87,0.0633213364672898,0.2157800910380185,0,0,16.527408637873755,45.60792850994067,TSPAN1
miRTarBase_2017,hsa-miR-613,1/87,0.0633213364672898,0.2157800910380185,0,0,16.527408637873755,45.60792850994067,TSPAN1
miRTarBase_2017,hsa-miR-22-5p,1/87,0.0633213364672898,0.2157800910380185,0,0,16.527408637873755,45.60792850994067,DUSP1
miRTarBase_2017,hsa-miR-4272,1/87,0.0633213364672898,0.2157800910380185,0,0,16.527408637873755,45.60792850994067,CREBRF
miRTarBase_2017,hsa-miR-6833-5p,1/91,0.0661406684477663,0.2157800910380185,0,0,15.78968253968254,42.884327217943145,CREBRF
miRTarBase_2017,hsa-miR-4742-5p,1/91,0.0661406684477663,0.2157800910380185,0,0,15.78968253968254,42.884327217943145,TSPAN1
miRTarBase_2017,hsa-miR-4799-5p,1/94,0.0682499676931499,0.2157800910380185,0,0,15.278033794162829,41.01507826972229,CREBRF
miRTarBase_2017,hsa-miR-20b-3p,1/95,0.0689520787299208,0.2157800910380185,0,0,15.114741641337384,40.422011468219154,CREBRF
miRTarBase_2017,hsa-miR-4773,1/95,0.0689520787299208,0.2157800910380185,0,0,15.114741641337384,40.422011468219154,CREBRF
miRTarBase_2017,hsa-miR-374c-5p,1/95,0.0689520787299208,0.2157800910380185,0,0,15.114741641337384,40.422011468219154,CREBRF
miRTarBase_2017,hsa-miR-320a,2/584,0.0695456896979413,0.2157800910380185,0,0,5.128998149616707,13.672736253143745,TSPYL2;CREBRF
miRTarBase_2017,hsa-miR-374b-3p,1/97,0.070354819690786,0.2157800910380185,0,0,14.798363095238097,39.27787433724205,CREBRF
miRTarBase_2017,hsa-miR-5685,1/98,0.0710554502653649,0.2157800910380185,0,0,14.645066273932253,38.72587137976069,CREBRF
miRTarBase_2017,hsa-miR-8066,1/98,0.0710554502653649,0.2157800910380185,0,0,14.645066273932253,38.72587137976069,CREBRF
miRTarBase_2017,hsa-miR-4690-3p,1/99,0.0717555879791134,0.2157800910380185,0,0,14.494897959183673,38.18665714573386,CREBRF
miRTarBase_2017,hsa-miR-7853-5p,1/101,0.073154386171474,0.2157800910380185,0,0,14.20357142857143,37.14494126610284,TSPAN1
miRTarBase_2017,hsa-miR-3617-5p,1/101,0.073154386171474,0.2157800910380185,0,0,14.20357142857143,37.14494126610284,CREBRF
miRTarBase_2017,hsa-let-7c-3p,1/101,0.073154386171474,0.2157800910380185,0,0,14.20357142857143,37.14494126610284,CREBRF
miRTarBase_2017,hsa-miR-655-3p,1/101,0.073154386171474,0.2157800910380185,0,0,14.20357142857143,37.14494126610284,CREBRF
miRTarBase_2017,hsa-miR-8068,1/102,0.0738530472723681,0.2157800910380185,0,0,14.062234794908065,36.6416559464346,TSPAN1
miRTarBase_2017,hsa-miR-657,1/102,0.0738530472723681,0.2157800910380185,0,0,14.062234794908065,36.6416559464346,TSPAN1
miRTarBase_2017,hsa-miR-3685,1/102,0.0738530472723681,0.2157800910380185,0,0,14.062234794908065,36.6416559464346,CREBRF
miRTarBase_2017,mmu-miR-759,1/103,0.074551216817689,0.2157800910380185,0,0,13.923669467787114,36.14959023219432,RND1
miRTarBase_2017,hsa-miR-4733-3p,1/103,0.074551216817689,0.2157800910380185,0,0,13.923669467787114,36.14959023219432,TSPAN1
miRTarBase_2017,hsa-miR-641,1/103,0.074551216817689,0.2157800910380185,0,0,13.923669467787114,36.14959023219432,CREBRF
miRTarBase_2017,hsa-miR-329-5p,1/103,0.074551216817689,0.2157800910380185,0,0,13.923669467787114,36.14959023219432,CREBRF
miRTarBase_2017,hsa-miR-338-5p,1/105,0.0759460825081513,0.2157800910380185,0,0,13.654532967032967,35.1977215377034,CREBRF
miRTarBase_2017,hsa-miR-9-3p,1/105,0.0759460825081513,0.2157800910380185,0,0,13.654532967032967,35.1977215377034,CREBRF
miRTarBase_2017,hsa-miR-4666a-3p,1/107,0.0773389858025288,0.2157800910380185,0,0,13.3955525606469,34.28668175050354,CREBRF
miRTarBase_2017,hsa-miR-105-5p,1/107,0.0773389858025288,0.2157800910380185,0,0,13.3955525606469,34.28668175050354,TSPAN1
miRTarBase_2017,mmu-miR-466n-5p,1/107,0.0773389858025288,0.2157800910380185,0,0,13.3955525606469,34.28668175050354,CD200R1
miRTarBase_2017,hsa-miR-320c,1/108,0.07803470234836,0.2157800910380185,0,0,13.269692923898532,33.84570065779822,CREBRF
miRTarBase_2017,hsa-miR-1277-5p,2/624,0.0780590248801754,0.2157800910380185,0,0,4.789265396982438,12.21401569349792,CREBRF;TSPAN1
miRTarBase_2017,hsa-miR-4776-3p,1/109,0.0787299292522779,0.2157800910380185,0,0,13.14616402116402,33.41402446045909,DUSP1
miRTarBase_2017,hsa-miR-100-3p,1/110,0.0794246668384852,0.2157800910380185,0,0,13.024901703800786,32.99137649388919,CREBRF
miRTarBase_2017,hsa-miR-1264,1/110,0.0794246668384852,0.2157800910380185,0,0,13.024901703800786,32.99137649388919,CD200R1
miRTarBase_2017,hsa-miR-383-5p,1/111,0.080118915428102,0.2157800910380185,0,0,12.905844155844155,32.577490707306566,CREBRF
miRTarBase_2017,hsa-miR-1184,1/111,0.080118915428102,0.2157800910380185,0,0,12.905844155844155,32.577490707306566,CREBRF
miRTarBase_2017,hsa-let-7f-1-3p,1/114,0.0821987304109565,0.2157800910380185,0,0,12.561314791403287,31.38589486042515,CREBRF
miRTarBase_2017,hsa-miR-224-3p,1/114,0.0821987304109565,0.2157800910380185,0,0,12.561314791403287,31.38589486042515,CREBRF
miRTarBase_2017,hsa-miR-98-3p,1/114,0.0821987304109565,0.2157800910380185,0,0,12.561314791403287,31.38589486042515,CREBRF
miRTarBase_2017,hsa-miR-522-3p,1/115,0.0828910261907882,0.2157800910380185,0,0,12.450501253132831,31.004592702550895,CREBRF
miRTarBase_2017,hsa-miR-190a-3p,2/648,0.0833240264050446,0.2157800910380185,0,0,4.605620385806144,11.445051121958109,CREBRF;TSPAN1
miRTarBase_2017,hsa-let-7b-3p,1/116,0.0835828345806861,0.2157800910380185,0,0,12.341614906832298,30.630865177076565,CREBRF
miRTarBase_2017,hsa-miR-5011-5p,2/653,0.0844350962560636,0.2157800910380185,0,0,4.569065343258892,11.293688381998052,CREBRF;TSPAN1
miRTarBase_2017,hsa-miR-300,1/118,0.08496499041437,0.2157800910380185,0,0,12.129426129426127,29.905294008728564,CREBRF
miRTarBase_2017,hsa-miR-3616-5p,1/119,0.0856553385007923,0.2157800910380185,0,0,12.026029055690072,29.553049141820058,CD200R1
miRTarBase_2017,hsa-miR-4694-3p,1/120,0.0863452004508286,0.2157800910380185,0,0,11.92436974789916,29.2075758060758,CREBRF
miRTarBase_2017,hsa-miR-3910,1/121,0.0870345765895788,0.2157800910380185,0,0,11.824404761904765,28.868690726427467,CREBRF
miRTarBase_2017,hsa-miR-206,1/122,0.0877234672370069,0.2157800910380185,0,0,11.726092089728454,28.53621702932384,TSPAN1
miRTarBase_2017,hsa-miR-5694,1/122,0.0877234672370069,0.2157800910380185,0,0,11.726092089728454,28.53621702932384,CREBRF
miRTarBase_2017,hsa-miR-3928-3p,1/123,0.0884118727126009,0.2157800910380185,0,0,11.629391100702575,28.209983968658342,TSPAN1
miRTarBase_2017,hsa-let-7a-3p,1/123,0.0884118727126009,0.2157800910380185,0,0,11.629391100702575,28.209983968658342,CREBRF
miRTarBase_2017,mmu-miR-3065-5p,1/123,0.0884118727126009,0.2157800910380185,0,0,11.629391100702575,28.209983968658342,RND1
miRTarBase_2017,hsa-miR-365a-3p,1/124,0.0890997933217558,0.2157800910380185,0,0,11.534262485481998,27.889826667906146,TSPAN1
miRTarBase_2017,hsa-miR-124-3p,3/1445,0.0891984832276026,0.2157800910380185,0,0,3.2148058252427183,7.769836049275044,PLA2G4C;CREBRF;CXCL1
miRTarBase_2017,hsa-miR-192-3p,1/126,0.0904741812331325,0.2157800910380185,0,0,11.348571428571429,27.26710770178677,DUSP1
miRTarBase_2017,hsa-miR-4495,1/127,0.0911606491646467,0.2157800910380185,0,0,11.257936507936508,26.96424346033221,TSPAN1
miRTarBase_2017,hsa-miR-6515-5p,1/128,0.0918466335076922,0.2157800910380185,0,0,11.16872890888639,26.66684938927765,CD200R1
miRTarBase_2017,hsa-miR-506-3p,1/129,0.0925321345681363,0.2157800910380185,0,0,11.080915178571429,26.374786485539133,CREBRF
miRTarBase_2017,hsa-miR-577,1/129,0.0925321345681363,0.2157800910380185,0,0,11.080915178571429,26.374786485539133,CREBRF
miRTarBase_2017,hsa-miR-3915,1/130,0.0932171526702975,0.2157800910380185,0,0,10.994462901439643,26.08792030190406,TSPAN1
miRTarBase_2017,mmu-miR-466e-5p,1/134,0.095952401769667,0.2157800910380185,0,0,10.661654135338344,24.98988338327296,CD200R1
miRTarBase_2017,mmu-miR-466p-5p,1/134,0.095952401769667,0.2157800910380185,0,0,10.661654135338344,24.98988338327296,CD200R1
miRTarBase_2017,mmu-miR-466a-5p,1/134,0.095952401769667,0.2157800910380185,0,0,10.661654135338344,24.98988338327296,CD200R1
miRTarBase_2017,mmu-miR-1187,1/134,0.095952401769667,0.2157800910380185,0,0,10.661654135338344,24.98988338327296,CD200R1
miRTarBase_2017,hsa-miR-512-5p,1/136,0.0973171367625591,0.2157800910380185,0,0,10.502645502645503,24.46885535434124,LPXN
miRTarBase_2017,hsa-miR-7150,1/136,0.0973171367625591,0.2157800910380185,0,0,10.502645502645503,24.46885535434124,CREBRF
miRTarBase_2017,hsa-miR-381-3p,1/136,0.0973171367625591,0.2157800910380185,0,0,10.502645502645503,24.46885535434124,CREBRF
miRTarBase_2017,hsa-miR-940,2/711,0.0976619372282163,0.2157800910380185,0,0,4.182705869588803,9.72999185672598,DUSP1;LPXN
miRTarBase_2017,mmu-miR-139-5p,1/143,0.1020785820114489,0.2196535986278111,0,0,9.98138832997988,22.77765144350997,RND1
miRTarBase_2017,hsa-miR-1237-3p,1/144,0.1027568717421913,0.2196535986278111,0,0,9.91108891108891,22.55158813317602,CREBRF
miRTarBase_2017,hsa-miR-320b,1/145,0.1034346832328685,0.2196535986278111,0,0,9.841765873015872,22.32914550150232,CREBRF
miRTarBase_2017,hsa-miR-4645-5p,1/145,0.1034346832328685,0.2196535986278111,0,0,9.841765873015872,22.32914550150232,TSPAN1
miRTarBase_2017,mmu-miR-292a-5p,1/146,0.1041120167975172,0.2196535986278111,0,0,9.773399014778326,22.11024208758202,RND1
miRTarBase_2017,mmu-miR-290a-5p,1/146,0.1041120167975172,0.2196535986278111,0,0,9.773399014778326,22.11024208758202,RND1
miRTarBase_2017,hsa-miR-4673,1/147,0.1047888727398731,0.2196535986278111,0,0,9.7059686888454,21.894798796311715,TSPAN1
miRTarBase_2017,hsa-miR-3679-3p,1/147,0.1047888727398731,0.2196535986278111,0,0,9.7059686888454,21.894798796311715,CREBRF
miRTarBase_2017,hsa-miR-147a,1/149,0.1061411530269663,0.219671879998848,0,0,9.5738416988417,21.47398751982091,CREBRF
miRTarBase_2017,hsa-miR-510-5p,1/149,0.1061411530269663,0.219671879998848,0,0,9.5738416988417,21.47398751982091,LPXN
miRTarBase_2017,hsa-miR-6793-3p,1/151,0.1074915266146443,0.2210674792640798,0,0,9.445238095238096,21.066123093738533,TSPAN1
miRTarBase_2017,hsa-miR-15b-5p,2/759,0.1090464626629512,0.2228637080674065,0,0,3.9077329539680927,8.659462856800205,SIRT4;CREBRF
miRTarBase_2017,hsa-miR-1252-3p,1/156,0.1108591350543099,0.2237712170540701,0,0,9.138248847926269,20.099532075567456,TSPAN1
miRTarBase_2017,hsa-miR-3190-3p,1/156,0.1108591350543099,0.2237712170540701,0,0,9.138248847926269,20.099532075567456,CREBRF
miRTarBase_2017,hsa-miR-4310,1/159,0.1128740036540262,0.2250597511882109,0,0,8.963381555153708,19.55346533005323,CREBRF
miRTarBase_2017,hsa-miR-7157-5p,1/159,0.1128740036540262,0.2250597511882109,0,0,8.963381555153708,19.55346533005323,CREBRF
miRTarBase_2017,hsa-miR-5582-5p,1/162,0.1148846101623253,0.2260816279494456,0,0,8.79503105590062,19.0309260537266,CREBRF
miRTarBase_2017,hsa-miR-369-3p,1/163,0.1155538666355705,0.2260816279494456,0,0,8.740299823633157,18.861728539646958,CREBRF
miRTarBase_2017,hsa-miR-1248,1/163,0.1155538666355705,0.2260816279494456,0,0,8.740299823633157,18.861728539646958,CREBRF
miRTarBase_2017,hsa-miR-298,1/165,0.1168909629409322,0.2260816279494456,0,0,8.632839721254355,18.53050889894044,CREBRF
miRTarBase_2017,hsa-miR-5197-5p,1/165,0.1168909629409322,0.2260816279494456,0,0,8.632839721254355,18.53050889894044,CREBRF
miRTarBase_2017,hsa-miR-199a-5p,1/166,0.1175588033667399,0.2260816279494456,0,0,8.58008658008658,18.3683919207857,RND1
miRTarBase_2017,mmu-miR-5101,1/167,0.1182261724139303,0.2260816279494456,0,0,8.527969018932874,18.208542288702866,CREBRF
miRTarBase_2017,hsa-miR-5697,1/172,0.1215559574250869,0.2297618386011758,0,0,8.276524644945697,17.441787201417434,CREBRF
miRTarBase_2017,hsa-miR-4668-3p,1/172,0.1215559574250869,0.2297618386011758,0,0,8.276524644945697,17.441787201417434,LPXN
miRTarBase_2017,hsa-miR-4778-3p,1/175,0.1235481914152237,0.2307790084049757,0,0,8.132594417077176,17.006263246959996,CREBRF
miRTarBase_2017,hsa-miR-3664-3p,1/176,0.1242113317409043,0.2307790084049757,0,0,8.085714285714285,16.864947367144097,LPXN
miRTarBase_2017,hsa-miR-483-3p,1/176,0.1242113317409043,0.2307790084049757,0,0,8.085714285714285,16.864947367144097,TSPAN1
miRTarBase_2017,hsa-miR-6083,1/178,0.125536207780499,0.2319228245436338,0,0,7.993543179983858,16.587889489048177,CREBRF
miRTarBase_2017,hsa-miR-6124,1/181,0.1275200148254447,0.2342642968984294,0,0,7.859126984126984,16.18573014833804,CREBRF
miRTarBase_2017,hsa-miR-6868-3p,1/186,0.1308170282961042,0.2384531578419528,0,0,7.644787644787645,15.549159120120551,CREBRF
miRTarBase_2017,hsa-miR-4524b-5p,1/189,0.1327896508776999,0.2384531578419528,0,0,7.521656534954407,15.1861416186695,CREBRF
miRTarBase_2017,hsa-miR-6780a-3p,1/189,0.1327896508776999,0.2384531578419528,0,0,7.521656534954407,15.1861416186695,LPXN
miRTarBase_2017,hsa-miR-4524a-5p,1/189,0.1327896508776999,0.2384531578419528,0,0,7.521656534954407,15.1861416186695,CREBRF
miRTarBase_2017,hsa-miR-4465,1/190,0.1334462626454965,0.2384531578419528,0,0,7.481481481481482,15.068125727921291,CREBRF
miRTarBase_2017,hsa-miR-1297,1/194,0.1360680724707338,0.2405095118807024,0,0,7.324944485566247,14.610334165415388,CREBRF
miRTarBase_2017,mmu-miR-5135,1/194,0.1360680724707338,0.2405095118807024,0,0,7.324944485566247,14.610334165415388,RND1
miRTarBase_2017,mmu-miR-3082-5p,1/198,0.1386824771944979,0.2438127421645205,0,0,7.174764321972444,14.174236923314211,RND1
miRTarBase_2017,hsa-miR-3646,1/200,0.139986908731619,0.2444421069476768,0,0,7.101938262742283,13.963876250165317,TSPAN1
miRTarBase_2017,hsa-miR-146a-5p,1/201,0.1406384328545632,0.2444421069476768,0,0,7.066071428571429,13.860544185302931,DUSP1
miRTarBase_2017,hsa-miR-3124-3p,1/205,0.1432399253949917,0.2444421069476768,0,0,6.926120448179272,13.459074507019473,CREBRF
miRTarBase_2017,hsa-miR-219b-3p,1/205,0.1432399253949917,0.2444421069476768,0,0,6.926120448179272,13.459074507019473,LPXN
miRTarBase_2017,hsa-miR-202-3p,1/206,0.1438891490579175,0.2444421069476768,0,0,6.89198606271777,13.361576594056787,DUSP1
miRTarBase_2017,mmu-miR-669f-3p,1/207,0.1445379135412009,0.2444421069476768,0,0,6.858183079056865,13.265189805915748,CD200R1
miRTarBase_2017,hsa-miR-5580-3p,1/210,0.1464814548924826,0.2444421069476768,0,0,6.758714969241285,12.982521217388635,CREBRF
miRTarBase_2017,hsa-miR-5590-3p,1/211,0.1471283856435019,0.2444421069476768,0,0,6.726190476190476,12.89040573130984,CREBRF
miRTarBase_2017,mmu-miR-339-5p,1/213,0.1484208744295458,0.2444421069476768,0,0,6.662061994609164,12.709237617738344,RND1
miRTarBase_2017,hsa-miR-200c-3p,1/214,0.1490664330598053,0.2444421069476768,0,0,6.630449362843729,12.62015340250281,DUSP1
miRTarBase_2017,mmu-miR-804,1/214,0.1490664330598053,0.2444421069476768,0,0,6.630449362843729,12.62015340250281,RND1
miRTarBase_2017,hsa-miR-1-3p,2/920,0.1496393836980588,0.2444421069476768,0,0,3.195408077761019,6.069763881619387,CXCL1;TSPAN1
miRTarBase_2017,hsa-miR-7111-3p,1/218,0.1516441027639583,0.2444421069476768,0,0,6.506912442396313,12.273461442607385,LPXN
miRTarBase_2017,mmu-miR-10b-5p,1/218,0.1516441027639583,0.2444421069476768,0,0,6.506912442396313,12.273461442607385,RND1
miRTarBase_2017,mmu-miR-298-5p,1/219,0.1522873805112544,0.2444421069476768,0,0,6.476736566186108,12.189126778529142,RND1
miRTarBase_2017,mmu-miR-10a-5p,1/219,0.1522873805112544,0.2444421069476768,0,0,6.476736566186108,12.189126778529142,RND1
miRTarBase_2017,hsa-miR-3714,1/223,0.1548559416882842,0.2444421069476768,0,0,6.358751608751609,11.860725042866768,CREBRF
miRTarBase_2017,hsa-miR-31-5p,1/224,0.1554969460260422,0.2444421069476768,0,0,6.32991672005125,11.780792760610051,TSPAN1
miRTarBase_2017,hsa-miR-651-3p,1/225,0.156137496570655,0.2444421069476768,0,0,6.301339285714286,11.7017021894609,TSPAN1
miRTarBase_2017,hsa-miR-142-5p,1/225,0.156137496570655,0.2444421069476768,0,0,6.301339285714286,11.7017021894609,CREBRF
miRTarBase_2017,hsa-miR-6881-3p,1/225,0.156137496570655,0.2444421069476768,0,0,6.301339285714286,11.7017021894609,LPXN
miRTarBase_2017,hsa-miR-588,1/225,0.156137496570655,0.2444421069476768,0,0,6.301339285714286,11.7017021894609,CREBRF
miRTarBase_2017,hsa-miR-5690,1/227,0.1574172375148395,0.2444421069476768,0,0,6.244943109987358,11.545997009689158,LPXN
miRTarBase_2017,hsa-miR-302f,1/227,0.1574172375148395,0.2444421069476768,0,0,6.244943109987358,11.545997009689158,LPXN
miRTarBase_2017,hsa-miR-4659b-3p,1/230,0.1593334530173314,0.2444421069476768,0,0,6.1621958827199,11.31845077841186,DUSP1
miRTarBase_2017,hsa-miR-4659a-3p,1/230,0.1593334530173314,0.2444421069476768,0,0,6.1621958827199,11.31845077841186,DUSP1
miRTarBase_2017,hsa-miR-26b-5p,3/1872,0.1598790345420444,0.2444421069476768,0,0,2.4232209737827715,4.442582569728828,DUSP1;SIRT4;CREBRF
miRTarBase_2017,hsa-miR-607,1/231,0.159971287115605,0.2444421069476768,0,0,6.135093167701863,11.244159092679784,TSPAN1
miRTarBase_2017,hsa-miR-421,1/235,0.1625181095242184,0.2471787061135787,0,0,6.028998778998779,10.954484832022487,CREBRF
miRTarBase_2017,hsa-miR-3148,1/244,0.1682221338021432,0.2523006338721599,0,0,5.803057025279248,10.343774753718192,CREBRF
miRTarBase_2017,hsa-miR-4701-5p,1/245,0.168853671082238,0.2523006338721599,0,0,5.778981264637002,10.279205682492776,CREBRF
miRTarBase_2017,hsa-miR-526b-5p,1/247,0.1701154032410864,0.2523006338721599,0,0,5.731416957026713,10.151934081009124,CREBRF
miRTarBase_2017,mmu-miR-709,1/248,0.1707455987264133,0.2523006338721599,0,0,5.707923655292077,10.089214873876823,RND1
miRTarBase_2017,hsa-miR-153-5p,1/248,0.1707455987264133,0.2523006338721599,0,0,5.707923655292077,10.089214873876823,TSPAN1
miRTarBase_2017,hsa-miR-503-5p,1/251,0.1726335063500355,0.2523006338721599,0,0,5.638571428571429,9.904626564606794,CREBRF
miRTarBase_2017,hsa-miR-5186,1/251,0.1726335063500355,0.2523006338721599,0,0,5.638571428571429,9.904626564606794,CREBRF
miRTarBase_2017,hsa-miR-646,1/251,0.1726335063500355,0.2523006338721599,0,0,5.638571428571429,9.904626564606794,CREBRF
miRTarBase_2017,hsa-miR-3662,1/253,0.1738898819425557,0.2523006338721599,0,0,5.593253968253968,9.784463981809305,TSPAN1
miRTarBase_2017,hsa-miR-4789-5p,1/253,0.1738898819425557,0.2523006338721599,0,0,5.593253968253968,9.784463981809305,TSPAN1
miRTarBase_2017,mmu-miR-706,1/254,0.1745174017822425,0.2523006338721599,0,0,5.570863918690006,9.725228829258045,RND1
miRTarBase_2017,hsa-miR-132-3p,1/255,0.1751444767247103,0.2523006338721599,0,0,5.5486501687289085,9.666547956768492,PLA2G4C
miRTarBase_2017,hsa-miR-873-5p,1/265,0.181390820197146,0.2601526237038015,0,0,5.335768398268399,9.108697424710169,CREBRF
miRTarBase_2017,hsa-miR-1249-5p,1/273,0.1863560784546836,0.264949728933398,0,0,5.176733193277311,8.697408912815549,CD200R1
miRTarBase_2017,mmu-miR-1199-5p,1/273,0.1863560784546836,0.264949728933398,0,0,5.176733193277311,8.697408912815549,RND1
miRTarBase_2017,hsa-miR-6797-5p,1/276,0.1882107925781821,0.2664282648184656,0,0,5.119480519480519,8.550519028038318,CD200R1
miRTarBase_2017,hsa-miR-4763-3p,1/283,0.1925231244917128,0.2707550030725157,0,0,4.990628166160081,8.222254564394706,CREBRF
miRTarBase_2017,hsa-miR-223-5p,1/284,0.1931374236596968,0.2707550030725157,0,0,4.972741039878849,8.176943157715913,CREBRF
miRTarBase_2017,hsa-miR-5193,1/285,0.1937512866023507,0.2707550030725157,0,0,4.954979879275654,8.132013730821642,TSPAN1
miRTarBase_2017,hsa-miR-1207-5p,1/288,0.1955902611028739,0.2721617675771905,0,0,4.902439024390244,7.999473068517083,CREBRF
miRTarBase_2017,hsa-miR-4789-3p,1/292,0.198036137688475,0.2743975297632685,0,0,4.83406971035837,7.827836884473085,TSPAN1
miRTarBase_2017,hsa-miR-4755-3p,1/295,0.1998659881075622,0.2757644646041048,0,0,4.784013605442177,7.702779518225201,CREBRF
miRTarBase_2017,hsa-miR-107,1/300,0.202907081629096,0.2787840995492202,0,0,4.702818920210224,7.501029712097497,CREBRF
miRTarBase_2017,mmu-miR-19b-3p,1/310,0.2089569326358909,0.2851572270035346,0,0,4.548312528895053,7.12096140997213,TSPYL2
miRTarBase_2017,hsa-miR-4500,1/312,0.2101617483420545,0.2851572270035346,0,0,4.518603582912265,7.04846948168337,DUSP1
miRTarBase_2017,hsa-miR-4458,1/312,0.2101617483420545,0.2851572270035346,0,0,4.518603582912265,7.04846948168337,DUSP1
miRTarBase_2017,mmu-miR-129-5p,1/326,0.2185476249080729,0.2953102204336357,0,0,4.320879120879121,6.570982649239706,CREBRF
miRTarBase_2017,mmu-let-7b-5p,1/333,0.2227093309276748,0.2976159724600302,0,0,4.228270223752151,6.350387491661809,DUSP1
miRTarBase_2017,mmu-miR-1195,1/333,0.2227093309276748,0.2976159724600302,0,0,4.228270223752151,6.350387491661809,RND1
miRTarBase_2017,hsa-let-7i-5p,1/334,0.2233021688647136,0.2976159724600302,0,0,4.215358215358215,6.319788999185942,DUSP1
miRTarBase_2017,mmu-miR-34b-5p,1/335,0.2238945847864447,0.2976159724600302,0,0,4.202523524379812,6.289412410385051,CREBRF
miRTarBase_2017,hsa-miR-340-5p,1/340,0.2268503435716264,0.2998909525424267,0,0,4.139485882848715,6.140781424856668,CREBRF
miRTarBase_2017,hsa-let-7g-5p,1/341,0.2274402331208618,0.2998909525424267,0,0,4.1271008403361344,6.111690686761554,DUSP1
miRTarBase_2017,hsa-miR-519b-3p,1/344,0.2292073823993782,0.3010072853196654,0,0,4.090379008746356,6.025652197055884,CREBRF
miRTarBase_2017,mmu-miR-3089-5p,1/349,0.232144249829474,0.3015587147337967,0,0,4.030582922824302,5.886248524481142,RND1
miRTarBase_2017,hsa-miR-519a-3p,1/349,0.232144249829474,0.3015587147337967,0,0,4.030582922824302,5.886248524481142,CREBRF
miRTarBase_2017,hsa-miR-519c-3p,1/350,0.2327303686387005,0.3015587147337967,0,0,4.018829308227589,5.858949618906739,CREBRF
miRTarBase_2017,hsa-miR-9-5p,1/351,0.2333160698093289,0.3015587147337967,0,0,4.007142857142857,5.831840324800821,LPXN
miRTarBase_2017,hsa-miR-4695-5p,1/370,0.2443654166572024,0.3141031505693642,0,0,3.797135114208285,5.350507262460418,LPXN
miRTarBase_2017,hsa-miR-4433a-3p,1/371,0.244942823838495,0.3141031505693642,0,0,3.7866795366795367,5.326837475893033,LPXN
miRTarBase_2017,mmu-miR-301b-3p,1/375,0.2472483370420167,0.3153243031740866,0,0,3.7454163483575247,5.233702607908174,TSPYL2
miRTarBase_2017,hsa-miR-660-3p,1/376,0.2478236878157194,0.3153243031740866,0,0,3.735238095238095,5.210798043056951,TSPAN1
miRTarBase_2017,hsa-miR-6825-5p,1/381,0.2506942902235154,0.3177404376088742,0,0,3.6851503759398496,5.098483115362255,CD200R1
miRTarBase_2017,hsa-miR-6749-3p,1/387,0.2541255156372162,0.3208457282369487,0,0,3.626757957068838,4.968393567943132,TSPAN1
miRTarBase_2017,hsa-miR-101-3p,1/393,0.257542071752637,0.323379290187861,0,0,3.57015306122449,4.84317034539448,DUSP1
miRTarBase_2017,hsa-let-7d-5p,1/394,0.2581100756545313,0.323379290187861,0,0,3.560886950199927,4.822755379379509,DUSP1
miRTarBase_2017,hsa-let-7f-5p,1/397,0.2598116549683233,0.3242687449413806,0,0,3.5333694083694085,4.762269332900979,DUSP1
miRTarBase_2017,mmu-miR-17-5p,1/402,0.2626395283738597,0.3260139112378445,0,0,3.4884218026362666,4.663925070297228,CREBRF
miRTarBase_2017,hsa-miR-148b-3p,1/403,0.2632038916415626,0.3260139112378445,0,0,3.4795664534470503,4.644616792974492,SIRT4
miRTarBase_2017,hsa-miR-574-5p,1/415,0.2699448793286543,0.3331017944923395,0,0,3.37663906142167,4.421835446059824,CREBRF
miRTarBase_2017,hsa-miR-3941,1/429,0.277736600482948,0.3414280765335489,0,0,3.263851802403204,4.181262103851672,TSPAN1
miRTarBase_2017,hsa-miR-6838-5p,1/431,0.2788433461908787,0.3415047723011885,0,0,3.2483388704318936,4.148470261518101,CREBRF
miRTarBase_2017,hsa-miR-302e,1/448,0.2881869827651264,0.3435894248015655,0,0,3.122083732821988,3.884327250428,CREBRF
miRTarBase_2017,hsa-miR-520d-3p,1/449,0.288733074192341,0.3435894248015655,0,0,3.114955357142857,3.8695615046164367,CREBRF
miRTarBase_2017,hsa-miR-6840-3p,1/451,0.2898240841901995,0.3435894248015655,0,0,3.100793650793651,3.840274475081854,LPXN
miRTarBase_2017,hsa-miR-520e,1/453,0.2909135320900975,0.3435894248015655,0,0,3.086757269279393,3.8113093230407102,CREBRF
miRTarBase_2017,hsa-miR-520b,1/455,0.2920014199612652,0.3435894248015655,0,0,3.0728445563247324,3.7826612437066616,CREBRF
miRTarBase_2017,hsa-miR-520a-3p,1/455,0.2920014199612652,0.3435894248015655,0,0,3.0728445563247324,3.7826612437066616,CREBRF
miRTarBase_2017,hsa-miR-520c-3p,1/455,0.2920014199612652,0.3435894248015655,0,0,3.0728445563247324,3.7826612437066616,CREBRF
miRTarBase_2017,hsa-miR-26a-5p,1/457,0.2930877499148875,0.3435894248015655,0,0,3.0590538847117794,3.7543255233136,CREBRF
miRTarBase_2017,hsa-miR-6867-5p,1/459,0.2941725239754702,0.3435894248015655,0,0,3.0453836556456646,3.726297538343978,CREBRF
miRTarBase_2017,hsa-miR-1273e,1/459,0.2941725239754702,0.3435894248015655,0,0,3.0453836556456646,3.726297538343978,LPXN
miRTarBase_2017,hsa-miR-497-5p,1/460,0.2947143282304605,0.3435894248015655,0,0,3.0385932150638038,3.7123975251732944,CREBRF
miRTarBase_2017,hsa-miR-302d-3p,1/460,0.2947143282304605,0.3435894248015655,0,0,3.0385932150638038,3.7123975251732944,CREBRF
miRTarBase_2017,hsa-miR-302b-3p,1/460,0.2947143282304605,0.3435894248015655,0,0,3.0385932150638038,3.7123975251732944,CREBRF
miRTarBase_2017,hsa-miR-372-3p,1/461,0.2952557442484401,0.3435894248015655,0,0,3.031832298136646,3.6985727517078346,CREBRF
miRTarBase_2017,hsa-miR-302a-3p,1/465,0.2974175316892044,0.3448777761076945,0,0,3.005080049261084,3.644015051174985,CREBRF
miRTarBase_2017,hsa-miR-424-5p,1/471,0.3006486108642589,0.3473925644968645,0,0,2.96580547112462,3.5643438730288457,CREBRF
miRTarBase_2017,hsa-miR-375,1/475,0.30279495307556,0.3486406678017891,0,0,2.940174804098855,3.5126251480790005,BIRC3
miRTarBase_2017,hsa-miR-7160-5p,1/486,0.308665735793194,0.3541533179100857,0,0,2.871870397643593,3.375873166649391,LPXN
miRTarBase_2017,hsa-miR-4419b,1/496,0.3139627415220486,0.3570775888384009,0,0,2.8124098124098125,3.2581232128898026,LPXN
miRTarBase_2017,hsa-miR-3929,1/497,0.3144903534723531,0.3570775888384009,0,0,2.806595622119816,3.2466750805496707,LPXN
miRTarBase_2017,hsa-miR-4478,1/497,0.3144903534723531,0.3570775888384009,0,0,2.806595622119816,3.2466750805496707,LPXN
miRTarBase_2017,hsa-miR-4649-3p,1/504,0.3181730464372301,0.3598287115522049,0,0,2.7665435955694404,3.16813471261531,LPXN
miRTarBase_2017,hsa-miR-302c-3p,1/507,0.3197456837652229,0.3598287115522049,0,0,2.749717673630717,3.1353087610242327,CREBRF
miRTarBase_2017,hsa-miR-603,1/508,0.3202691434550191,0.3598287115522049,0,0,2.744153282614821,3.1244752645555227,TSPAN1
miRTarBase_2017,mmu-miR-9-5p,1/510,0.3213149350863726,0.3598287115522049,0,0,2.73309009261858,3.1029688243938898,CREBRF
miRTarBase_2017,hsa-let-7c-5p,1/516,0.3244433067830884,0.3617719587204483,0,0,2.7004160887656035,3.039708430409188,DUSP1
miRTarBase_2017,hsa-miR-548c-3p,1/521,0.3270399967148799,0.3617719587204483,0,0,2.6737637362637363,2.988393005530288,TSPAN1
miRTarBase_2017,hsa-miR-6884-5p,1/521,0.3270399967148799,0.3617719587204483,0,0,2.6737637362637363,2.988393005530288,LPXN
miRTarBase_2017,hsa-miR-16-5p,2/1555,0.3274755344992437,0.3617719587204483,0,0,1.8259448214374163,2.0383787669798736,SIRT4;CREBRF
miRTarBase_2017,hsa-miR-128-3p,1/527,0.3301437275261576,0.3634915787914261,0,0,2.6424497555676263,2.928434644558071,RND1
miRTarBase_2017,hsa-miR-373-3p,1/531,0.3322054533794769,0.3645341719969427,0,0,2.621967654986523,2.889412723953966,CREBRF
miRTarBase_2017,hsa-miR-362-3p,1/536,0.3347742821373534,0.3660211594629968,0,0,2.596795727636849,2.841670341912904,TSPAN1
miRTarBase_2017,hsa-miR-329-3p,1/538,0.3357992288651346,0.3660211594629968,0,0,2.586858206969939,2.822887885670972,TSPAN1
miRTarBase_2017,hsa-miR-181a-5p,1/552,0.3429326921616177,0.3725547851722557,0,0,2.5193155302048225,2.696224597264018,PLA2G4C
miRTarBase_2017,hsa-miR-485-5p,1/556,0.3449576522001256,0.3735137492365598,0,0,2.5006435006435006,2.6615189411943905,LPXN
miRTarBase_2017,hsa-miR-19a-3p,1/570,0.3519992368251605,0.3798803644944801,0,0,2.4373587747928696,2.5449103298243165,CREBRF
miRTarBase_2017,hsa-miR-4722-5p,1/593,0.3634143770886411,0.3909095437762686,0,0,2.339888996138996,2.368462693566479,LPXN
miRTarBase_2017,hsa-miR-877-3p,1/606,0.3697831095005779,0.3964559895301278,0,0,2.2880755608028336,2.2762659694241814,LPXN
miRTarBase_2017,hsa-let-7e-5p,1/612,0.3727024222786016,0.3982800394937997,0,0,2.264905307458499,2.235404855234118,DUSP1
miRTarBase_2017,hsa-miR-129-5p,1/622,0.3775399123067144,0.4021353463332104,0,0,2.2272831838049227,2.169549749485383,DUSP1
miRTarBase_2017,hsa-let-7a-5p,1/639,0.3856838217170489,0.4094760055242695,0,0,2.1660322436184507,2.063659841238441,DUSP1
miRTarBase_2017,hsa-miR-4768-3p,1/651,0.3913724696441484,0.4141708659340988,0,0,2.1247252747252747,1.9931953563281928,LPXN
miRTarBase_2017,hsa-miR-6893-5p,1/663,0.3970119212951,0.4187835427854765,0,0,2.0849158394475613,1.926022256474285,LPXN
miRTarBase_2017,hsa-miR-6808-5p,1/666,0.3984141436669962,0.418911334337967,0,0,2.075187969924812,1.9097192312284803,LPXN
miRTarBase_2017,hsa-miR-4459,1/689,0.4090638421031475,0.4287303729734912,0,0,2.0034260797342194,1.790830601918648,LPXN
miRTarBase_2017,hsa-miR-19b-3p,1/713,0.41998878857977,0.4387742296025073,0,0,1.9334871589085072,1.6773528209228652,CREBRF
miRTarBase_2017,hsa-miR-34a-5p,1/735,0.4298374425734613,0.4462122022905456,0,0,1.8733943168548075,1.5817970861613198,BIRC3
miRTarBase_2017,hsa-miR-665,1/735,0.4298374425734613,0.4462122022905456,0,0,1.8733943168548075,1.5817970861613198,LPXN
miRTarBase_2017,hsa-miR-186-5p,1/749,0.4360232632007826,0.4512012881856199,0,0,1.8369938884644768,1.5248145612256447,CREBRF
miRTarBase_2017,hsa-miR-6785-5p,1/824,0.4681087129426093,0.4813570727428719,0,0,1.663079326505815,1.2623682082409349,CD200R1
miRTarBase_2017,hsa-miR-6883-5p,1/824,0.4681087129426093,0.4813570727428719,0,0,1.663079326505815,1.2623682082409349,CD200R1
miRTarBase_2017,hsa-miR-149-3p,1/833,0.4718423280877624,0.4823442006635446,0,0,1.644316620879121,1.2350633146139267,CD200R1
miRTarBase_2017,hsa-miR-1827,1/834,0.4722556608340138,0.4823442006635446,0,0,1.6422569027611045,1.232078255554908,LPXN
miRTarBase_2017,hsa-miR-4728-5p,1/837,0.4734938483577915,0.4823442006635446,0,0,1.6361073137388926,1.2231805916740202,CD200R1
miRTarBase_2017,hsa-miR-24-3p,1/854,0.4804591836470756,0.4879197299769992,0,0,1.6020767040696702,1.1743430507012975,CCL4
miRTarBase_2017,hsa-miR-8485,1/874,0.4885435640899159,0.4945936391870046,0,0,1.563737522500409,1.1201468330932636,TSPAN1
miRTarBase_2017,hsa-miR-484,1/890,0.4949263675508033,0.4995090191021997,0,0,1.5343082114735658,1.0791499727611904,CREBRF
miRTarBase_2017,hsa-miR-155-5p,1/903,0.500057570082539,0.5031348474368932,0,0,1.511165663604688,1.0472862332388078,CREBRF
miRTarBase_2017,hsa-let-7b-5p,1/1214,0.6092326495229877,0.6111012479615987,0,0,1.105405723707455,0.5477894055967513,DUSP1
miRTarBase_2017,hsa-miR-93-5p,1/1220,0.6111012479615987,0.6111012479615987,0,0,1.0996132661432088,0.5415514238476875,CREBRF
