Gene_set,Term,Overlap,P.value,Adj. P-value,Old P-value,Old Adjusted P-value,Odds Ratio,Combined Score,Genes,neg_log10_padj,gene_set_lib,query_label,library
GO_Biological_Process_2023,Cellular Response To Chemokine (GO:1990869),3/59,1.0818393343276164e-05,0.0020224615418842,0,0,88.96875,1017.292067162084,DUSP1;CCL4;CXCL1,2.6941197279635394,GO_BP,shared_up,GO_BP
GO_Biological_Process_2023,Negative Regulation Of Cell Adhesion (GO:0007162),3/72,1.9731332115943736e-05,0.0020224615418842,0,0,72.15942028985508,781.7248443110266,DUSP1;LPXN;RND1,2.6941197279635394,GO_BP,shared_up,GO_BP
GO_Biological_Process_2023,Negative Regulation Of Cellular Process (GO:0048523),5/537,3.2904586065641535e-05,0.0022484800478188,0,0,18.282894736842103,188.7141840490116,TSPYL2;DUSP1;LPXN;CXCL1;RND1,2.6481109618477148,GO_BP,shared_up,GO_BP
GO_Biological_Process_2023,Regulation Of Cell Adhesion (GO:0030155),3/144,0.00015608889034145876,0.0079995556299997,0,0,35.184397163120565,308.39422839962094,DUSP1;LPXN;RND1,2.096934137107946,GO_BP,shared_up,GO_BP
GO_Biological_Process_2023,Inflammatory Response (GO:0006954),3/236,0.0006646107397307463,0.0249245058379718,0,0,21.1931330472103,155.0555109518539,PLA2G4C;CCL4;CXCL1,1.6033734434062559,GO_BP,shared_up,GO_BP
GO_Biological_Process_2023,Chemokine-Mediated Signaling Pathway (GO:0070098),2/57,0.0008181896125140755,0.0249245058379718,0,0,55.74825174825175,396.2817896791765,CCL4;CXCL1,1.6033734434062559,GO_BP,shared_up,GO_BP
GO_Biological_Process_2023,Cytokine-Mediated Signaling Pathway (GO:0019221),3/257,0.0008510806871502586,0.0249245058379718,0,0,19.42027559055118,137.2819984388249,CCL4;CXCL1;BIRC3,1.6033734434062559,GO_BP,shared_up,GO_BP
GO_Biological_Process_2023,Neutrophil Chemotaxis (GO:0030593),2/70,0.0012311035751016,0.0304754619545214,0,0,45.06108597285068,301.902259841425,CCL4;CXCL1,1.5160497025174895,GO_BP,shared_up,GO_BP
GO_Biological_Process_2023,Granulocyte Chemotaxis (GO:0071621),2/73,0.0013379471101985,0.0304754619545214,0,0,43.15059588299025,285.51104598113415,CCL4;CXCL1,1.5160497025174895,GO_BP,shared_up,GO_BP
GO_Biological_Process_2023,Neutrophil Migration (GO:1990266),2/77,0.0014870860669846,0.0304852643731846,0,0,40.84102564102564,265.9133340826656,CCL4;CXCL1,1.5159100343531524,GO_BP,shared_up,GO_BP
GO_Biological_Process_2023,Negative Regulation Of Cell Cycle (GO:0045786),2/85,0.0018081168721341,0.0336967235261357,0,0,36.889712696941615,232.97585087988176,TSPYL2;DUSP1,1.4724123253511257,GO_BP,shared_up,GO_BP
GO_Biological_Process_2023,Cellular Response To Tumor Necrosis Factor (GO:0071356),2/119,0.0035040412396079,0.0403328229492621,0,0,26.12491781722551,147.7060618977154,CCL4;BIRC3,1.3943413800657307,GO_BP,shared_up,GO_BP
GO_Biological_Process_2023,Negative Regulation Of Meiotic Cell Cycle (GO:0051447),1/5,0.0037446970839379,0.0403328229492621,0,0,356.80357142857144,1993.609466758919,DUSP1,1.3943413800657307,GO_BP,shared_up,GO_BP
GO_Biological_Process_2023,Negative Regulation Of Monocyte Chemotaxis (GO:0090027),1/5,0.0037446970839379,0.0403328229492621,0,0,356.80357142857144,1993.609466758919,DUSP1,1.3943413800657307,GO_BP,shared_up,GO_BP
GO_Biological_Process_2023,Negative Regulation Of B Cell Receptor Signaling Pathway (GO:0050859),1/5,0.0037446970839379,0.0403328229492621,0,0,356.80357142857144,1993.609466758919,LPXN,1.3943413800657307,GO_BP,shared_up,GO_BP
GO_Biological_Process_2023,Regulation Of Mitotic Spindle Checkpoint (GO:1903504),1/5,0.0037446970839379,0.0403328229492621,0,0,356.80357142857144,1993.609466758919,DUSP1,1.3943413800657307,GO_BP,shared_up,GO_BP
GO_Biological_Process_2023,Transmembrane Receptor Protein Serine/Threonine Kinase Signaling Pathway (GO:0007178),2/130,0.0041649259926423,0.0403328229492621,0,0,23.86658653846154,130.81411578057612,LPXN;INHBE,1.3943413800657307,GO_BP,shared_up,GO_BP
GO_Biological_Process_2023,Regulation Of Pyruvate Dehydrogenase Activity (GO:1904182),1/6,0.0044920683932145,0.0403328229492621,0,0,285.42857142857144,1542.8675927558304,SIRT4,1.3943413800657307,GO_BP,shared_up,GO_BP
GO_Biological_Process_2023,Negative Regulation Of p38MAPK Cascade (GO:1903753),1/6,0.0044920683932145,0.0403328229492621,0,0,285.42857142857144,1542.8675927558304,DUSP1,1.3943413800657307,GO_BP,shared_up,GO_BP
GO_Biological_Process_2023,Regulation Of Natural Killer Cell Chemotaxis (GO:2000501),1/6,0.0044920683932145,0.0403328229492621,0,0,285.42857142857144,1542.8675927558304,CCL4,1.3943413800657307,GO_BP,shared_up,GO_BP
GO_Biological_Process_2023,Negative Regulation Of Fatty Acid Oxidation (GO:0046322),1/7,0.0052389168941443,0.0403328229492621,0,0,237.8452380952381,1249.0776854949,SIRT4,1.3943413800657307,GO_BP,shared_up,GO_BP
GO_Biological_Process_2023,Peptidyl-Lysine Deacetylation (GO:0034983),1/7,0.0052389168941443,0.0403328229492621,0,0,237.8452380952381,1249.0776854949,SIRT4,1.3943413800657307,GO_BP,shared_up,GO_BP
GO_Biological_Process_2023,Negative Regulation Of Macrophage Migration (GO:1905522),1/7,0.0052389168941443,0.0403328229492621,0,0,237.8452380952381,1249.0776854949,CD200R1,1.3943413800657307,GO_BP,shared_up,GO_BP
GO_Biological_Process_2023,Platelet Activating Factor Metabolic Process (GO:0046469),1/7,0.0052389168941443,0.0403328229492621,0,0,237.8452380952381,1249.0776854949,PLA2G4C,1.3943413800657307,GO_BP,shared_up,GO_BP
GO_Biological_Process_2023,Tricarboxylic Acid Metabolic Process (GO:0072350),1/8,0.0059852428364459,0.0403328229492621,0,0,203.8571428571429,1043.434298452164,SIRT4,1.3943413800657307,GO_BP,shared_up,GO_BP
GO_Biological_Process_2023,Regulation Of Macrophage Migration (GO:1905521),1/8,0.0059852428364459,0.0403328229492621,0,0,203.8571428571429,1043.434298452164,CD200R1,1.3943413800657307,GO_BP,shared_up,GO_BP
GO_Biological_Process_2023,Regulation Of Mitotic Sister Chromatid Segregation (GO:0033047),1/8,0.0059852428364459,0.0403328229492621,0,0,203.8571428571429,1043.434298452164,DUSP1,1.3943413800657307,GO_BP,shared_up,GO_BP
GO_Biological_Process_2023,Regulation Of Pattern Recognition Receptor Signaling Pathway (GO:0062207),1/8,0.0059852428364459,0.0403328229492621,0,0,203.8571428571429,1043.434298452164,BIRC3,1.3943413800657307,GO_BP,shared_up,GO_BP
GO_Biological_Process_2023,Ether Lipid Biosynthetic Process (GO:0008611),1/9,0.0067310464938694,0.0403328229492621,0,0,178.36607142857142,892.013120036697,PLA2G4C,1.3943413800657307,GO_BP,shared_up,GO_BP
GO_Biological_Process_2023,Negative Regulation Of Leukocyte Migration (GO:0002686),1/9,0.0067310464938694,0.0403328229492621,0,0,178.36607142857142,892.013120036697,CD200R1,1.3943413800657307,GO_BP,shared_up,GO_BP
GO_Biological_Process_2023,Phosphatidylethanolamine Acyl-Chain Remodeling (GO:0036152),1/9,0.0067310464938694,0.0403328229492621,0,0,178.36607142857142,892.013120036697,PLA2G4C,1.3943413800657307,GO_BP,shared_up,GO_BP
GO_Biological_Process_2023,Negative Regulation Of Necroptotic Process (GO:0060546),1/9,0.0067310464938694,0.0403328229492621,0,0,178.36607142857142,892.013120036697,BIRC3,1.3943413800657307,GO_BP,shared_up,GO_BP
GO_Biological_Process_2023,Regulation Of Viral-Induced Cytoplasmic Pattern Recognition Receptor Signaling Pathway (GO:0039531),1/9,0.0067310464938694,0.0403328229492621,0,0,178.36607142857142,892.013120036697,BIRC3,1.3943413800657307,GO_BP,shared_up,GO_BP
GO_Biological_Process_2023,Neuron Remodeling (GO:0016322),1/9,0.0067310464938694,0.0403328229492621,0,0,178.36607142857142,892.013120036697,RND1,1.3943413800657307,GO_BP,shared_up,GO_BP
GO_Biological_Process_2023,Regulation Of Programmed Necrotic Cell Death (GO:0062098),1/10,0.0074763281564485,0.0403328229492621,0,0,158.53968253968253,776.212425317664,BIRC3,1.3943413800657307,GO_BP,shared_up,GO_BP
GO_Biological_Process_2023,Negative Regulation Of Lymphocyte Migration (GO:2000402),1/10,0.0074763281564485,0.0403328229492621,0,0,158.53968253968253,776.212425317664,CD200R1,1.3943413800657307,GO_BP,shared_up,GO_BP
GO_Biological_Process_2023,Negative Regulation Of Programmed Necrotic Cell Death (GO:0062099),1/10,0.0074763281564485,0.0403328229492621,0,0,158.53968253968253,776.212425317664,BIRC3,1.3943413800657307,GO_BP,shared_up,GO_BP
GO_Biological_Process_2023,Regulation Of Mitotic Sister Chromatid Separation (GO:0010965),1/10,0.0074763281564485,0.0403328229492621,0,0,158.53968253968253,776.212425317664,DUSP1,1.3943413800657307,GO_BP,shared_up,GO_BP
GO_Biological_Process_2023,Negative Regulation Of Leukocyte Chemotaxis (GO:0002689),1/11,0.0082210881236714,0.0414657096711018,0,0,142.67857142857142,685.0073410932765,DUSP1,1.3823108974200649,GO_BP,shared_up,GO_BP
GO_Biological_Process_2023,Phosphatidylcholine Acyl-Chain Remodeling (GO:0036151),1/12,0.0089653267055102,0.0414657096711018,0,0,129.7012987012987,611.4626002996463,PLA2G4C,1.3823108974200649,GO_BP,shared_up,GO_BP
GO_Biological_Process_2023,Negative Regulation Of Mononuclear Cell Migration (GO:0071676),1/12,0.0089653267055102,0.0414657096711018,0,0,129.7012987012987,611.4626002996463,DUSP1,1.3823108974200649,GO_BP,shared_up,GO_BP
GO_Biological_Process_2023,Negative Regulation By Host Of Viral Transcription (GO:0043922),1/12,0.0089653267055102,0.0414657096711018,0,0,129.7012987012987,611.4626002996463,CCL4,1.3823108974200649,GO_BP,shared_up,GO_BP
GO_Biological_Process_2023,Positive Regulation Of Calcium-Mediated Signaling (GO:0050850),1/12,0.0089653267055102,0.0414657096711018,0,0,129.7012987012987,611.4626002996463,CCL4,1.3823108974200649,GO_BP,shared_up,GO_BP
GO_Biological_Process_2023,Lipid Droplet Formation (GO:0140042),1/12,0.0089653267055102,0.0414657096711018,0,0,129.7012987012987,611.4626002996463,PLA2G4C,1.3823108974200649,GO_BP,shared_up,GO_BP
GO_Biological_Process_2023,Glutamine Metabolic Process (GO:0006541),1/13,0.0097090442156726,0.0414657096711018,0,0,118.88690476190476,551.0048324972125,SIRT4,1.3823108974200649,GO_BP,shared_up,GO_BP
GO_Biological_Process_2023,Negative Regulation Of Neuroinflammatory Response (GO:0150079),1/13,0.0097090442156726,0.0414657096711018,0,0,118.88690476190476,551.0048324972125,CD200R1,1.3823108974200649,GO_BP,shared_up,GO_BP
GO_Biological_Process_2023,Response To Chemokine (GO:1990868),1/13,0.0097090442156726,0.0414657096711018,0,0,118.88690476190476,551.0048324972125,DUSP1,1.3823108974200649,GO_BP,shared_up,GO_BP
GO_Biological_Process_2023,Regulation Of Oxidoreductase Activity (GO:0051341),1/13,0.0097090442156726,0.0414657096711018,0,0,118.88690476190476,551.0048324972125,SIRT4,1.3823108974200649,GO_BP,shared_up,GO_BP
GO_Biological_Process_2023,Endoderm Development (GO:0007492),1/14,0.0104522409709381,0.0437287632457614,0,0,109.73626373626374,500.5003914455875,DUSP1,1.3592328053703655,GO_BP,shared_up,GO_BP
GO_Biological_Process_2023,Negative Regulation Of DNA Replication (GO:0008156),1/15,0.0111949172924613,0.0458991608990914,0,0,101.89285714285714,457.7328151534797,TSPYL2,1.3381952539012,GO_BP,shared_up,GO_BP
GO_Biological_Process_2023,Regulation Of Fatty Acid Oxidation (GO:0046320),1/16,0.0119370735063595,0.0462818678291546,0,0,95.0952380952381,421.0918230074216,SIRT4,1.334589122245657,GO_BP,shared_up,GO_BP
GO_Biological_Process_2023,Regulation Of B Cell Receptor Signaling Pathway (GO:0050855),1/16,0.0119370735063595,0.0462818678291546,0,0,95.0952380952381,421.0918230074216,LPXN,1.334589122245657,GO_BP,shared_up,GO_BP
GO_Biological_Process_2023,Negative Regulation Of Insulin Secretion (GO:0046676),1/17,0.012678709933633,0.0462818678291546,0,0,89.14732142857143,389.38044082427126,SIRT4,1.334589122245657,GO_BP,shared_up,GO_BP
GO_Biological_Process_2023,Positive Regulation Of Lymphocyte Chemotaxis (GO:0140131),1/17,0.012678709933633,0.0462818678291546,0,0,89.14732142857143,389.38044082427126,CCL4,1.334589122245657,GO_BP,shared_up,GO_BP
GO_Biological_Process_2023,Regulation Of Mitotic Cell Cycle Spindle Assembly Checkpoint (GO:0090266),1/17,0.012678709933633,0.0462818678291546,0,0,89.14732142857143,389.38044082427126,DUSP1,1.334589122245657,GO_BP,shared_up,GO_BP
GO_Biological_Process_2023,Neuron Maturation (GO:0042551),1/17,0.012678709933633,0.0462818678291546,0,0,89.14732142857143,389.38044082427126,RND1,1.334589122245657,GO_BP,shared_up,GO_BP
GO_Biological_Process_2023,Glycerolipid Catabolic Process (GO:0046503),1/18,0.01341982690512,0.0462818678291546,0,0,83.89915966386555,361.6911269349327,PLA2G4C,1.334589122245657,GO_BP,shared_up,GO_BP
GO_Biological_Process_2023,Negative Regulation Of Peptide Hormone Secretion (GO:0090278),1/18,0.01341982690512,0.0462818678291546,0,0,83.89915966386555,361.6911269349327,SIRT4,1.334589122245657,GO_BP,shared_up,GO_BP
GO_Biological_Process_2023,Regulation Of RIG-I Signaling Pathway (GO:0039535),1/18,0.01341982690512,0.0462818678291546,0,0,83.89915966386555,361.6911269349327,BIRC3,1.334589122245657,GO_BP,shared_up,GO_BP
GO_Biological_Process_2023,Regulation Of Inflammatory Response (GO:0050727),2/240,0.0135845398773752,0.0462818678291546,0,0,12.764705882352942,54.87321004281362,CD200R1;BIRC3,1.334589122245657,GO_BP,shared_up,GO_BP
GO_Biological_Process_2023,Negative Regulation Of Fatty Acid Metabolic Process (GO:0045922),1/19,0.0141604247470607,0.0462818678291546,0,0,79.23412698412699,337.3237811891663,SIRT4,1.334589122245657,GO_BP,shared_up,GO_BP
GO_Biological_Process_2023,Regulation Of Neuroinflammatory Response (GO:0150077),1/19,0.0141604247470607,0.0462818678291546,0,0,79.23412698412699,337.3237811891663,CD200R1,1.334589122245657,GO_BP,shared_up,GO_BP
GO_Biological_Process_2023,Regulation Of Toll-Like Receptor Signaling Pathway (GO:0034121),1/20,0.0149005037888985,0.0462818678291546,0,0,75.06015037593986,315.7300332957057,BIRC3,1.334589122245657,GO_BP,shared_up,GO_BP
GO_Biological_Process_2023,Negative Regulation Of Reproductive Process (GO:2000242),1/20,0.0149005037888985,0.0462818678291546,0,0,75.06015037593986,315.7300332957057,DUSP1,1.334589122245657,GO_BP,shared_up,GO_BP
GO_Biological_Process_2023,Regulation Of Meiotic Cell Cycle (GO:0051445),1/20,0.0149005037888985,0.0462818678291546,0,0,75.06015037593986,315.7300332957057,DUSP1,1.334589122245657,GO_BP,shared_up,GO_BP
GO_Biological_Process_2023,Regulation Of Necroptotic Process (GO:0060544),1/20,0.0149005037888985,0.0462818678291546,0,0,75.06015037593986,315.7300332957057,BIRC3,1.334589122245657,GO_BP,shared_up,GO_BP
GO_Biological_Process_2023,Regulation Of T Cell Migration (GO:2000404),1/23,0.0171176314186799,0.0508389709149098,0,0,64.81493506493507,263.6442288281798,CD200R1,1.2938032490405196,GO_BP,shared_up,GO_BP
GO_Biological_Process_2023,Regulation Of Cysteine-Type Endopeptidase Activity (GO:2000116),1/24,0.0178556385652366,0.0508389709149098,0,0,61.993788819875775,249.55202523941097,BIRC3,1.2938032490405196,GO_BP,shared_up,GO_BP
GO_Biological_Process_2023,Positive Regulation Of Lipid Metabolic Process (GO:0045834),1/24,0.0178556385652366,0.0508389709149098,0,0,61.993788819875775,249.55202523941097,SIRT4,1.2938032490405196,GO_BP,shared_up,GO_BP
GO_Biological_Process_2023,Negative Regulation Of Antigen Receptor-Mediated Signaling Pathway (GO:0050858),1/24,0.0178556385652366,0.0508389709149098,0,0,61.993788819875775,249.55202523941097,LPXN,1.2938032490405196,GO_BP,shared_up,GO_BP
GO_Biological_Process_2023,Eosinophil Chemotaxis (GO:0048245),1/24,0.0178556385652366,0.0508389709149098,0,0,61.993788819875775,249.55202523941097,CCL4,1.2938032490405196,GO_BP,shared_up,GO_BP
GO_Biological_Process_2023,Eosinophil Migration (GO:0072677),1/24,0.0178556385652366,0.0508389709149098,0,0,61.993788819875775,249.55202523941097,CCL4,1.2938032490405196,GO_BP,shared_up,GO_BP
GO_Biological_Process_2023,Regulation Of Monocyte Chemotaxis (GO:0090025),1/25,0.0185931285667873,0.0522135802218,0,0,59.407738095238095,236.7376500104764,DUSP1,1.2822165267229615,GO_BP,shared_up,GO_BP
GO_Biological_Process_2023,Glycerophospholipid Catabolic Process (GO:0046475),1/27,0.020066558464378,0.0543660665121468,0,0,54.832417582417584,214.3235039145759,PLA2G4C,1.264672087889716,GO_BP,shared_up,GO_BP
GO_Biological_Process_2023,Regulation Of Cell Cycle (GO:0051726),2/298,0.0204429486041583,0.0543660665121468,0,0,10.233367983367984,39.80900149664934,TSPYL2;BIRC3,1.264672087889716,GO_BP,shared_up,GO_BP
GO_Biological_Process_2023,Phospholipid Catabolic Process (GO:0009395),1/28,0.0208024990214188,0.0543660665121468,0,0,52.7989417989418,204.47351966705395,PLA2G4C,1.264672087889716,GO_BP,shared_up,GO_BP
GO_Biological_Process_2023,Regulation Of Lipid Biosynthetic Process (GO:0046890),1/28,0.0208024990214188,0.0543660665121468,0,0,52.7989417989418,204.47351966705395,SIRT4,1.264672087889716,GO_BP,shared_up,GO_BP
GO_Biological_Process_2023,Peptidyl-Tyrosine Dephosphorylation (GO:0035335),1/29,0.0215379237658092,0.0543660665121468,0,0,50.910714285714285,195.39226686727991,DUSP1,1.264672087889716,GO_BP,shared_up,GO_BP
GO_Biological_Process_2023,Heterotypic Cell-Cell Adhesion (GO:0034113),1/29,0.0215379237658092,0.0543660665121468,0,0,50.910714285714285,195.39226686727991,CD200R1,1.264672087889716,GO_BP,shared_up,GO_BP
GO_Biological_Process_2023,Positive Regulation Of Calcium Ion Transport (GO:0051928),1/29,0.0215379237658092,0.0543660665121468,0,0,50.910714285714285,195.39226686727991,CCL4,1.264672087889716,GO_BP,shared_up,GO_BP
GO_Biological_Process_2023,Lipid Droplet Organization (GO:0034389),1/29,0.0215379237658092,0.0543660665121468,0,0,50.910714285714285,195.39226686727991,PLA2G4C,1.264672087889716,GO_BP,shared_up,GO_BP
GO_Biological_Process_2023,Cellular Response To Cytokine Stimulus (GO:0071345),2/308,0.0217464266048587,0.0543660665121468,0,0,9.893916540975365,37.87693836520489,DUSP1;CCL4,1.264672087889716,GO_BP,shared_up,GO_BP
GO_Biological_Process_2023,Regulation Of Calcium-Mediated Signaling (GO:0050848),1/30,0.0222728330244505,0.0550112140965345,0,0,49.15270935960592,186.9959576603662,CCL4,1.2595487700728316,GO_BP,shared_up,GO_BP
GO_Biological_Process_2023,Regulation Of Response To Biotic Stimulus (GO:0002831),1/31,0.0230072271319287,0.0554880183770046,0,0,47.51190476190476,179.21238137059572,BIRC3,1.2558007847064543,GO_BP,shared_up,GO_BP
GO_Biological_Process_2023,Glutamine Family Amino Acid Metabolic Process (GO:0009064),1/31,0.0230072271319287,0.0554880183770046,0,0,47.51190476190476,179.21238137059572,SIRT4,1.2558007847064543,GO_BP,shared_up,GO_BP
GO_Biological_Process_2023,NIK/NF-kappaB Signaling (GO:0038061),1/32,0.0237411064214928,0.056592172283791,0,0,45.97695852534562,171.97898738890794,BIRC3,1.2472436354027712,GO_BP,shared_up,GO_BP
GO_Biological_Process_2023,Carboxylic Acid Metabolic Process (GO:0019752),1/33,0.024474471226601,0.0576697310511862,0,0,44.53794642857143,165.24133492847943,SIRT4,1.239052073962054,GO_BP,shared_up,GO_BP
GO_Biological_Process_2023,Negative Regulation Of Interleukin-6 Production (GO:0032715),1/34,0.0252073218784412,0.0587216021031869,0,0,43.18614718614719,158.95183056590523,CD200R1,1.2312021040613002,GO_BP,shared_up,GO_BP
GO_Biological_Process_2023,Endoderm Formation (GO:0001706),1/35,0.0259396587086567,0.0597486520817374,0,0,41.91386554621849,153.06869330263612,DUSP1,1.2236718878704798,GO_BP,shared_up,GO_BP
GO_Biological_Process_2023,Substrate Adhesion-Dependent Cell Spreading (GO:0034446),1/36,0.0266714820499685,0.0600841079147643,0,0,40.71428571428572,147.55510087647235,LPXN,1.221240382533085,GO_BP,shared_up,GO_BP
GO_Biological_Process_2023,Histone Deacetylation (GO:0016575),1/36,0.0266714820499685,0.0600841079147643,0,0,40.71428571428572,147.55510087647235,SIRT4,1.221240382533085,GO_BP,shared_up,GO_BP
GO_Biological_Process_2023,Negative Regulation Of Stress-Activated MAPK Cascade (GO:0032873),1/37,0.0274027922368154,0.0604040043929802,0,0,39.58134920634921,142.37848146420913,DUSP1,1.2189342695224383,GO_BP,shared_up,GO_BP
GO_Biological_Process_2023,Regulation Of p38MAPK Cascade (GO:1900744),1/37,0.0274027922368154,0.0604040043929802,0,0,39.58134920634921,142.37848146420913,DUSP1,1.2189342695224383,GO_BP,shared_up,GO_BP
GO_Biological_Process_2023,Tumor Necrosis Factor-Mediated Signaling Pathway (GO:0033209),1/38,0.028133589600523,0.0612797744817911,0,0,38.50965250965251,137.5099227922053,BIRC3,1.212682841637429,GO_BP,shared_up,GO_BP
GO_Biological_Process_2023,Positive Regulation Of Lipid Biosynthetic Process (GO:0046889),1/39,0.0288638744726761,0.0612797744817911,0,0,37.49436090225564,132.92367662225746,SIRT4,1.212682841637429,GO_BP,shared_up,GO_BP
GO_Biological_Process_2023,Negative Regulation Of Protein Secretion (GO:0050709),1/39,0.0288638744726761,0.0612797744817911,0,0,37.49436090225564,132.92367662225746,SIRT4,1.212682841637429,GO_BP,shared_up,GO_BP
GO_Biological_Process_2023,Protein Deacetylation (GO:0006476),1/40,0.0295936471887674,0.0612797744817911,0,0,36.53113553113553,128.5967411966507,SIRT4,1.212682841637429,GO_BP,shared_up,GO_BP
GO_Biological_Process_2023,Positive Regulation Of Monoatomic Ion Transport (GO:0043270),1/40,0.0295936471887674,0.0612797744817911,0,0,36.53113553113553,128.5967411966507,CCL4,1.212682841637429,GO_BP,shared_up,GO_BP
GO_Biological_Process_2023,Endothelial Cell Migration (GO:0043542),1/40,0.0295936471887674,0.0612797744817911,0,0,36.53113553113553,128.5967411966507,LPXN,1.212682841637429,GO_BP,shared_up,GO_BP
GO_Biological_Process_2023,Lymphocyte Migration (GO:0072676),1/41,0.0303229080772226,0.0621619615583064,0,0,35.61607142857143,124.50850776759756,CCL4,1.206475289565777,GO_BP,shared_up,GO_BP
GO_Biological_Process_2023,Modulation By Host Of Symbiont Process (GO:0051851),1/42,0.03105165746751,0.0624077429494074,0,0,34.745644599303134,120.6404600270104,CCL4,1.2047615239139582,GO_BP,shared_up,GO_BP
GO_Biological_Process_2023,Monocyte Chemotaxis (GO:0002548),1/42,0.03105165746751,0.0624077429494074,0,0,34.745644599303134,120.6404600270104,CCL4,1.2047615239139582,GO_BP,shared_up,GO_BP
GO_Biological_Process_2023,Lymphocyte Chemotaxis (GO:0048247),1/44,0.0325076230964538,0.0640775262958945,0,0,33.12624584717608,113.499815495736,CCL4,1.1932942624790548,GO_BP,shared_up,GO_BP
GO_Biological_Process_2023,Positive Regulation Of Biosynthetic Process (GO:0009891),1/44,0.0325076230964538,0.0640775262958945,0,0,33.12624584717608,113.499815495736,SIRT4,1.1932942624790548,GO_BP,shared_up,GO_BP
GO_Biological_Process_2023,I-kappaB kinase/NF-kappaB Signaling (GO:0007249),1/45,0.0332348399957845,0.0648870685631984,0,0,32.371753246753244,110.19851603861096,BIRC3,1.1878418457454603,GO_BP,shared_up,GO_BP
GO_Biological_Process_2023,Epithelial Cell Migration (GO:0010631),1/46,0.0339615467251988,0.0656803497987335,0,0,31.65079365079365,107.05964425258333,LPXN,1.18256454292797,GO_BP,shared_up,GO_BP
GO_Biological_Process_2023,Unsaturated Fatty Acid Metabolic Process (GO:0033559),1/49,0.0361386092201723,0.0667424764877056,0,0,29.668154761904763,98.50994756608031,PLA2G4C,1.1755976828326937,GO_BP,shared_up,GO_BP
GO_Biological_Process_2023,Positive Regulation Of Pathway-Restricted SMAD Protein Phosphorylation (GO:0010862),1/49,0.0361386092201723,0.0667424764877056,0,0,29.668154761904763,98.50994756608031,INHBE,1.1755976828326937,GO_BP,shared_up,GO_BP
GO_Biological_Process_2023,Negative Regulation Of DNA Metabolic Process (GO:0051053),1/49,0.0361386092201723,0.0667424764877056,0,0,29.668154761904763,98.50994756608031,TSPYL2,1.1755976828326937,GO_BP,shared_up,GO_BP
GO_Biological_Process_2023,Regulation Of Mitotic Metaphase/Anaphase Transition (GO:0030071),1/49,0.0361386092201723,0.0667424764877056,0,0,29.668154761904763,98.50994756608031,DUSP1,1.1755976828326937,GO_BP,shared_up,GO_BP
GO_Biological_Process_2023,Regulation Of Cell Communication (GO:0010646),1/49,0.0361386092201723,0.0667424764877056,0,0,29.668154761904763,98.50994756608031,TSPYL2,1.1755976828326937,GO_BP,shared_up,GO_BP
GO_Biological_Process_2023,SMAD Protein Signal Transduction (GO:0060395),1/51,0.0375874394476064,0.0681896025376931,0,0,28.478571428571428,93.44062326514334,INHBE,1.1662818409557145,GO_BP,shared_up,GO_BP
GO_Biological_Process_2023,Negative Regulation Of MAP Kinase Activity (GO:0043407),1/51,0.0375874394476064,0.0681896025376931,0,0,28.478571428571428,93.44062326514334,DUSP1,1.1662818409557145,GO_BP,shared_up,GO_BP
GO_Biological_Process_2023,Icosanoid Metabolic Process (GO:0006690),1/52,0.0383110921224364,0.0682936859573867,0,0,27.9187675070028,91.07146109214372,PLA2G4C,1.165619446840041,GO_BP,shared_up,GO_BP
GO_Biological_Process_2023,Arachidonic Acid Metabolic Process (GO:0019369),1/52,0.0383110921224364,0.0682936859573867,0,0,27.9187675070028,91.07146109214372,PLA2G4C,1.165619446840041,GO_BP,shared_up,GO_BP
GO_Biological_Process_2023,Phosphatidylcholine Metabolic Process (GO:0046470),1/55,0.0404790043547981,0.0715361714890829,0,0,26.36375661375661,84.5478253280487,PLA2G4C,1.1454743063684454,GO_BP,shared_up,GO_BP
GO_Biological_Process_2023,Regulation Of Mitotic Nuclear Division (GO:0007088),1/56,0.041200627604441,0.0721891338368411,0,0,25.883116883116884,82.54907099640234,DUSP1,1.1415281690487882,GO_BP,shared_up,GO_BP
GO_Biological_Process_2023,Regulation Of Calcium Ion Transport (GO:0051924),1/57,0.0419217443178537,0.0728301490267798,0,0,25.419642857142858,80.62985215473387,CCL4,1.1376888013811421,GO_BP,shared_up,GO_BP
GO_Biological_Process_2023,Regulation Of Neuron Death (GO:1901214),1/58,0.0426423548276304,0.0734595188207078,0,0,24.972431077694235,78.78570447797571,CD200R1,1.1339519207252176,GO_BP,shared_up,GO_BP
GO_Biological_Process_2023,Cilium Movement (GO:0003341),1/59,0.0433624594690451,0.0740775349262854,0,0,24.54064039408867,77.0124855419272,CFAP251,1.1303134780772581,GO_BP,shared_up,GO_BP
GO_Biological_Process_2023,BMP Signaling Pathway (GO:0030509),1/61,0.0448011524424067,0.0752806250056834,0,0,23.72023809523809,73.66370739100482,INHBE,1.123316783903426,GO_BP,shared_up,GO_BP
GO_Biological_Process_2023,Regulation Of Pathway-Restricted SMAD Protein Phosphorylation (GO:0060393),1/61,0.0448011524424067,0.0752806250056834,0,0,23.72023809523809,73.66370739100482,INHBE,1.123316783903426,GO_BP,shared_up,GO_BP
GO_Biological_Process_2023,Glycerophospholipid Metabolic Process (GO:0006650),1/62,0.0455197414373441,0.0758662357289069,0,0,23.330210772833723,72.08123312729496,PLA2G4C,1.119951463882692,GO_BP,shared_up,GO_BP
GO_Biological_Process_2023,Negative Regulation Of Cell Death (GO:0060548),1/64,0.0469554060796374,0.0776278890832716,0,0,22.58730158730159,69.0845479012675,CD200R1,1.1099822233425911,GO_BP,shared_up,GO_BP
GO_Biological_Process_2023,Antimicrobial Humoral Immune Response Mediated By Antimicrobial Peptide (GO:0061844),1/65,0.0476724823882987,0.0781083173239469,0,0,22.233258928571427,67.66472104881002,CXCL1,1.1073027180360469,GO_BP,shared_up,GO_BP
GO_Biological_Process_2023,Cellular Response To BMP Stimulus (GO:0071773),1/66,0.0483890551226402,0.0781083173239469,0,0,21.89010989010989,66.29379556401673,INHBE,1.1073027180360469,GO_BP,shared_up,GO_BP
GO_Biological_Process_2023,Cellular Response To Type II Interferon (GO:0071346),1/66,0.0483890551226402,0.0781083173239469,0,0,21.89010989010989,66.29379556401673,CCL4,1.1073027180360469,GO_BP,shared_up,GO_BP
GO_Biological_Process_2023,Regulation Of Endopeptidase Activity (GO:0052548),1/69,0.0505357551625392,0.0803087582040352,0,0,20.92121848739496,62.4513889160488,BIRC3,1.0952370894377546,GO_BP,shared_up,GO_BP
GO_Biological_Process_2023,Phospholipid Metabolic Process (GO:0006644),1/69,0.0505357551625392,0.0803087582040352,0,0,20.92121848739496,62.4513889160488,PLA2G4C,1.0952370894377546,GO_BP,shared_up,GO_BP
GO_Biological_Process_2023,Transforming Growth Factor Beta Receptor Signaling Pathway (GO:0007179),1/72,0.0526779348512287,0.083069051111553,0,0,20.03420523138833,58.9718571959067,LPXN,1.0805607504035502,GO_BP,shared_up,GO_BP
GO_Biological_Process_2023,Regulation Of DNA Replication (GO:0006275),1/75,0.0548156030017759,0.0857801421020157,0,0,19.219111969111967,55.80808062680676,TSPYL2,1.0666132386510354,GO_BP,shared_up,GO_BP
GO_Biological_Process_2023,Regulation Of Immune Response (GO:0050776),1/77,0.0562382130645868,0.0865062514243447,0,0,18.711466165413533,53.854571105438765,BIRC3,1.062952506858937,GO_BP,shared_up,GO_BP
GO_Biological_Process_2023,Regulation Of Innate Immune Response (GO:0045088),1/78,0.0569487684566197,0.0865062514243447,0,0,18.467532467532468,52.920620399451245,BIRC3,1.062952506858937,GO_BP,shared_up,GO_BP
GO_Biological_Process_2023,Long-Chain Fatty Acid Metabolic Process (GO:0001676),1/78,0.0569487684566197,0.0865062514243447,0,0,18.467532467532468,52.920620399451245,PLA2G4C,1.062952506858937,GO_BP,shared_up,GO_BP
GO_Biological_Process_2023,Positive Regulation Of Intracellular Signal Transduction (GO:1902533),2/525,0.0576320242410336,0.0865062514243447,0,0,5.724959552875423,16.337184768624777,CCL4;BIRC3,1.062952506858937,GO_BP,shared_up,GO_BP
GO_Biological_Process_2023,Positive Regulation Of Protein Modification By Small Protein Conjugation Or Removal (GO:1903322),1/79,0.0576588245288115,0.0865062514243447,0,0,18.22985347985348,52.013636218945,BIRC3,1.062952506858937,GO_BP,shared_up,GO_BP
GO_Biological_Process_2023,Negative Regulation Of Protein Serine/Threonine Kinase Activity (GO:0071901),1/80,0.0583683815937166,0.0865062514243447,0,0,17.998191681735985,51.13251964521233,DUSP1,1.062952506858937,GO_BP,shared_up,GO_BP
GO_Biological_Process_2023,Response To Type II Interferon (GO:0034341),1/80,0.0583683815937166,0.0865062514243447,0,0,17.998191681735985,51.13251964521233,CCL4,1.062952506858937,GO_BP,shared_up,GO_BP
GO_Biological_Process_2023,Cellular Response To Interleukin-1 (GO:0071347),1/81,0.0590774399971135,0.0865062514243447,0,0,17.772321428571427,50.27622944918878,CCL4,1.062952506858937,GO_BP,shared_up,GO_BP
GO_Biological_Process_2023,Histone Modification (GO:0016570),1/81,0.0590774399971135,0.0865062514243447,0,0,17.772321428571427,50.27622944918878,SIRT4,1.062952506858937,GO_BP,shared_up,GO_BP
GO_Biological_Process_2023,Positive Regulation Of Protein Ubiquitination (GO:0031398),1/84,0.0612016264045237,0.0887502247511505,0,0,17.12736660929432,47.84669475315345,BIRC3,1.0518305384637316,GO_BP,shared_up,GO_BP
GO_Biological_Process_2023,Regulation Of Kinase Activity (GO:0043549),1/85,0.0619086933629976,0.0887502247511505,0,0,16.922619047619047,47.08032820576258,TSPYL2,1.0518305384637316,GO_BP,shared_up,GO_BP
GO_Biological_Process_2023,Response To Interleukin-1 (GO:0070555),1/85,0.0619086933629976,0.0887502247511505,0,0,16.922619047619047,47.08032820576258,CCL4,1.0518305384637316,GO_BP,shared_up,GO_BP
GO_Biological_Process_2023,Regulation Of Insulin Secretion (GO:0050796),1/87,0.0633213364672898,0.090144958165239,0,0,16.527408637873755,45.60792850994067,SIRT4,1.0450585584839849,GO_BP,shared_up,GO_BP
GO_Biological_Process_2023,Negative Regulation Of Neuron Death (GO:1901215),1/88,0.0640269132494826,0.0905208083871996,0,0,16.336617405582924,44.90040493421904,CD200R1,1.0432515762757228,GO_BP,shared_up,GO_BP
GO_Biological_Process_2023,Peptidyl-Lysine Modification (GO:0018205),1/94,0.0682499676931499,0.0958304340896969,0,0,15.278033794162829,41.01507826972229,SIRT4,1.0184965445937648,GO_BP,shared_up,GO_BP
GO_Biological_Process_2023,Positive Regulation Of Transmembrane Receptor Protein Serine/Threonine Kinase Signaling Pathway (GO:0090100),1/95,0.0689520787299208,0.0961576608138352,0,0,15.114741641337384,40.422011468219154,INHBE,1.017016110108391,GO_BP,shared_up,GO_BP
GO_Biological_Process_2023,Cellular Response To Transforming Growth Factor Beta Stimulus (GO:0071560),1/96,0.0696536959639779,0.0964797815717262,0,0,14.954887218045112,39.84310237624529,LPXN,1.0155636884367327,GO_BP,shared_up,GO_BP
GO_Biological_Process_2023,Regulation Of Defense Response (GO:0031347),1/97,0.070354819690786,0.0967968995745714,0,0,14.798363095238097,39.27787433724205,BIRC3,1.0141385530141194,GO_BP,shared_up,GO_BP
GO_Biological_Process_2023,Antimicrobial Humoral Response (GO:0019730),1/100,0.0724552331756038,0.0990221520066585,0,0,14.347763347763347,37.6598138369901,CXCL1,1.004267639563199,GO_BP,shared_up,GO_BP
GO_Biological_Process_2023,Negative Regulation Of MAPK Cascade (GO:0043409),1/105,0.0759460825081513,0.1031056087031194,0,0,13.654532967032967,35.1977215377034,DUSP1,0.9867177094733942,GO_BP,shared_up,GO_BP
GO_Biological_Process_2023,Glycerophospholipid Biosynthetic Process (GO:0046474),1/108,0.07803470234836,0.1045563005321164,0,0,13.269692923898532,33.84570065779822,PLA2G4C,0.9806497915991965,GO_BP,shared_up,GO_BP
GO_Biological_Process_2023,Response To Tumor Necrosis Factor (GO:0034612),1/108,0.07803470234836,0.1045563005321164,0,0,13.269692923898532,33.84570065779822,CCL4,0.9806497915991965,GO_BP,shared_up,GO_BP
GO_Biological_Process_2023,Negative Regulation Of Inflammatory Response (GO:0050728),1/111,0.080118915428102,0.1066518030049409,0,0,12.905844155844155,32.577490707306566,CD200R1,0.9720317981753792,GO_BP,shared_up,GO_BP
GO_Biological_Process_2023,Regulation Of Protein Ubiquitination (GO:0031396),1/113,0.0815059468910249,0.1073295524474273,0,0,12.674107142857142,31.77499158030827,BIRC3,0.969280681596567,GO_BP,shared_up,GO_BP
GO_Biological_Process_2023,Regulation Of Interleukin-6 Production (GO:0032675),1/114,0.0821987304109565,0.1073295524474273,0,0,12.561314791403287,31.38589486042515,CD200R1,0.969280681596567,GO_BP,shared_up,GO_BP
GO_Biological_Process_2023,Regulation Of MAP Kinase Activity (GO:0043405),1/114,0.0821987304109565,0.1073295524474273,0,0,12.561314791403287,31.38589486042515,DUSP1,0.969280681596567,GO_BP,shared_up,GO_BP
GO_Biological_Process_2023,Cellular Response To Molecule Of Bacterial Origin (GO:0071219),1/117,0.0842741558805734,0.1093430503513768,0,0,12.23460591133005,30.26450036869356,CXCL1,0.9612088147293317,GO_BP,shared_up,GO_BP
GO_Biological_Process_2023,Regulation Of Protein Kinase Activity (GO:0045859),1/119,0.0856553385007923,0.1104361282557385,0,0,12.026029055690072,29.553049141820058,TSPYL2,0.9568888275547135,GO_BP,shared_up,GO_BP
GO_Biological_Process_2023,Organonitrogen Compound Biosynthetic Process (GO:1901566),1/123,0.0884118727126009,0.1120580222758279,0,0,11.629391100702575,28.209983968658342,PLA2G4C,0.9505570467111611,GO_BP,shared_up,GO_BP
GO_Biological_Process_2023,Protein Dephosphorylation (GO:0006470),1/124,0.0890997933217558,0.1120580222758279,0,0,11.534262485481998,27.889826667906146,DUSP1,0.9505570467111611,GO_BP,shared_up,GO_BP
GO_Biological_Process_2023,Negative Regulation Of Growth (GO:0045926),1/124,0.0890997933217558,0.1120580222758279,0,0,11.534262485481998,27.889826667906146,TSPYL2,0.9505570467111611,GO_BP,shared_up,GO_BP
GO_Biological_Process_2023,Cellular Response To Lipopolysaccharide (GO:0071222),1/124,0.0890997933217558,0.1120580222758279,0,0,11.534262485481998,27.889826667906146,CXCL1,0.9505570467111611,GO_BP,shared_up,GO_BP
GO_Biological_Process_2023,Negative Regulation Of Cell Growth (GO:0030308),1/125,0.0897872293945084,0.1122340367431355,0,0,11.440668202764977,27.575585868407,TSPYL2,0.9498754164482507,GO_BP,shared_up,GO_BP
GO_Biological_Process_2023,Protein-Containing Complex Organization (GO:0043933),1/126,0.0904741812331325,0.1124073160775283,0,0,11.348571428571429,27.26710770178677,LPXN,0.9492054216077186,GO_BP,shared_up,GO_BP
GO_Biological_Process_2023,Regulation Of Response To External Stimulus (GO:0032101),1/127,0.0911606491646467,0.1125779101129673,0,0,11.257936507936508,26.96424346033221,BIRC3,0.9485468178079057,GO_BP,shared_up,GO_BP
GO_Biological_Process_2023,Non-Membrane-Bounded Organelle Assembly (GO:0140694),1/135,0.0966350098008695,0.1186238144262171,0,0,10.581556503198296,24.727131316193116,PLA2G4C,0.9258281150554817,GO_BP,shared_up,GO_BP
GO_Biological_Process_2023,Actin Filament Organization (GO:0007015),1/144,0.1027568717421913,0.1253878494473168,0,0,9.91108891108891,22.55158813317602,RND1,0.9017445462297897,GO_BP,shared_up,GO_BP
GO_Biological_Process_2023,Response To Lipopolysaccharide (GO:0032496),1/159,0.1128740036540262,0.1369181701128721,0,0,8.963381555153708,19.55346533005323,CXCL1,0.8635389137643147,GO_BP,shared_up,GO_BP
GO_Biological_Process_2023,Mitochondrion Organization (GO:0007005),1/162,0.1148846101623253,0.1385373240192746,0,0,8.79503105590062,19.0309260537266,SIRT4,0.858433205430859,GO_BP,shared_up,GO_BP
GO_Biological_Process_2023,Positive Regulation Of I-kappaB kinase/NF-kappaB Signaling (GO:0043123),1/175,0.1235481914152237,0.1480425756214267,0,0,8.132594417077176,17.006263246959996,BIRC3,0.8296133677241657,GO_BP,shared_up,GO_BP
GO_Biological_Process_2023,Positive Regulation Of Hydrolase Activity (GO:0051345),1/176,0.1242113317409043,0.1480425756214267,0,0,8.085714285714285,16.864947367144097,CCL4,0.8296133677241657,GO_BP,shared_up,GO_BP
GO_Biological_Process_2023,Negative Regulation Of Cytokine Production (GO:0001818),1/178,0.125536207780499,0.1486814858500353,0,0,7.993543179983858,16.587889489048177,CD200R1,0.8277431074280277,GO_BP,shared_up,GO_BP
GO_Biological_Process_2023,Positive Regulation Of ERK1 And ERK2 Cascade (GO:0070374),1/179,0.126197944087347,0.1486814858500353,0,0,7.948234349919743,16.452079052841352,CCL4,0.8277431074280277,GO_BP,shared_up,GO_BP
GO_Biological_Process_2023,Phosphate-Containing Compound Metabolic Process (GO:0006796),1/184,0.1294996208078906,0.151699555803529,0,0,7.729117876658861,15.79891460143726,PLA2G4C,0.8190156908833992,GO_BP,shared_up,GO_BP
GO_Biological_Process_2023,Regulation Of Signal Transduction (GO:0009966),1/193,0.1354133150044698,0.1577257362267972,0,0,7.363467261904762,14.72269011118729,TSPYL2,0.8020974367323183,GO_BP,shared_up,GO_BP
GO_Biological_Process_2023,Regulation Of Programmed Cell Death (GO:0043067),1/195,0.1367223671127623,0.1583507641701485,0,0,7.286818851251841,14.499333476873636,BIRC3,0.8003798364658744,GO_BP,shared_up,GO_BP
GO_Biological_Process_2023,Regulation Of MAPK Cascade (GO:0043408),1/204,0.1425902422455427,0.1642190992153722,0,0,6.960591133004926,13.557701594688004,DUSP1,0.784576334418303,GO_BP,shared_up,GO_BP
GO_Biological_Process_2023,Protein Stabilization (GO:0050821),1/208,0.1451862191317074,0.166274720234637,0,0,6.824706694271912,13.16989646549752,TSPAN1,0.77917377421494,GO_BP,shared_up,GO_BP
GO_Biological_Process_2023,Regulation Of GTPase Activity (GO:0043087),1/214,0.1490664330598053,0.1697701043181115,0,0,6.630449362843729,12.62015340250281,CCL4,0.770138784485339,GO_BP,shared_up,GO_BP
GO_Biological_Process_2023,Regulation Of Cell Growth (GO:0001558),1/227,0.1574172375148395,0.1780305925484763,0,0,6.244943109987358,11.545997009689158,TSPYL2,0.7495053626720858,GO_BP,shared_up,GO_BP
GO_Biological_Process_2023,Cellular Response To Lipid (GO:0071396),1/228,0.1580564285064521,0.1780305925484763,0,0,6.217117684078037,11.46935839487409,CXCL1,0.7495053626720858,GO_BP,shared_up,GO_BP
GO_Biological_Process_2023,Negative Regulation Of Intracellular Signal Transduction (GO:1902532),1/231,0.159971287115605,0.1789390068027469,0,0,6.135093167701863,11.244159092679784,DUSP1,0.74729497752856,GO_BP,shared_up,GO_BP
GO_Biological_Process_2023,Regulation Of I-kappaB kinase/NF-kappaB Signaling (GO:0043122),1/232,0.1606086695205143,0.1789390068027469,0,0,6.108225108225108,11.170627381228671,BIRC3,0.74729497752856,GO_BP,shared_up,GO_BP
GO_Biological_Process_2023,Positive Regulation Of GTPase Activity (GO:0043547),1/234,0.161882080439654,0.1793828458925896,0,0,6.055180870631514,11.025800779806426,CCL4,0.746219090223877,GO_BP,shared_up,GO_BP
GO_Biological_Process_2023,Regulation Of ERK1 And ERK2 Cascade (GO:0070372),1/244,0.1682221338021432,0.1854061152120395,0,0,5.803057025279248,10.343774753718192,CCL4,0.7318759457090727,GO_BP,shared_up,GO_BP
GO_Biological_Process_2023,Cellular Component Assembly (GO:0022607),1/260,0.1782731879549088,0.1954331739612637,0,0,5.44015444015444,9.381209811952148,LPXN,0.7090017146936847,GO_BP,shared_up,GO_BP
GO_Biological_Process_2023,Regulation Of Protein Phosphorylation (GO:0001932),1/265,0.181390820197146,0.1977931815979518,0,0,5.335768398268399,9.108697424710169,TSPYL2,0.7037886836459377,GO_BP,shared_up,GO_BP
GO_Biological_Process_2023,Positive Regulation Of MAPK Cascade (GO:0043410),1/310,0.2089569326358909,0.2266464084145906,0,0,4.548312528895053,7.12096140997213,CCL4,0.6446511586616948,GO_BP,shared_up,GO_BP
GO_Biological_Process_2023,Supramolecular Fiber Organization (GO:0097435),1/316,0.2125662435398284,0.2293477890824464,0,0,4.4603174603174605,6.906808745627763,RND1,0.6395054421198407,GO_BP,shared_up,GO_BP
GO_Biological_Process_2023,Protein-Containing Complex Assembly (GO:0065003),1/328,0.2197388009292093,0.2358453098978425,0,0,4.294014853647881,6.506788151655364,LPXN,0.6273727558640693,GO_BP,shared_up,GO_BP
GO_Biological_Process_2023,Positive Regulation Of Protein Phosphorylation (GO:0001934),1/377,0.2483986281367428,0.2649089149269106,0,0,3.725113981762918,5.188042427452689,INHBE,0.5769034262312089,GO_BP,shared_up,GO_BP
GO_Biological_Process_2023,Negative Regulation Of Cell Population Proliferation (GO:0008285),1/379,0.2495472784513032,0.2649089149269106,0,0,3.705026455026455,5.14297274596889,CXCL1,0.5769034262312089,GO_BP,shared_up,GO_BP
GO_Biological_Process_2023,Negative Regulation Of Programmed Cell Death (GO:0043069),1/381,0.2506942902235154,0.2649089149269106,0,0,3.6851503759398496,5.098483115362255,BIRC3,0.5769034262312089,GO_BP,shared_up,GO_BP
GO_Biological_Process_2023,DNA Damage Response (GO:0006974),1/384,0.2524117402269253,0.2653559320334343,0,0,3.6557254755688176,5.0328139936219625,SIRT4,0.5761711992703569,GO_BP,shared_up,GO_BP
GO_Biological_Process_2023,Cellular Response To Oxygen-Containing Compound (GO:1901701),1/406,0.2648945634366794,0.2770580893087718,0,0,3.45326278659612,4.587395112757367,CXCL1,0.5574291651544125,GO_BP,shared_up,GO_BP
GO_Biological_Process_2023,Organelle Organization (GO:0006996),1/418,0.271621108725365,0.2826514075568519,0,0,3.3518328194587186,4.36860180754066,SIRT4,0.5487488474844155,GO_BP,shared_up,GO_BP
GO_Biological_Process_2023,Nervous System Development (GO:0007399),1/433,0.279948508920681,0.2898456784279778,0,0,3.2329695767195767,4.116053889259008,CXCL1,0.5378331705351417,GO_BP,shared_up,GO_BP
GO_Biological_Process_2023,Negative Regulation Of Apoptotic Process (GO:0043066),1/482,0.306536264928833,0.3157785643739235,0,0,2.896346896346896,3.4246962122454354,BIRC3,0.5006173540303296,GO_BP,shared_up,GO_BP
GO_Biological_Process_2023,Regulation Of Apoptotic Process (GO:0042981),1/705,0.416368262292448,0.4267774688497592,0,0,1.956270292207792,1.7140550076370895,BIRC3,0.3697985166433341,GO_BP,shared_up,GO_BP
GO_Biological_Process_2023,Regulation Of Cell Population Proliferation (GO:0042127),1/766,0.4434504036040999,0.4522752872579128,0,0,1.7945845004668537,1.459301045390947,CXCL1,0.3445971418599528,GO_BP,shared_up,GO_BP
GO_Biological_Process_2023,Positive Regulation Of Transcription By RNA Polymerase II (GO:0045944),1/938,0.513631551853918,0.5212597432180851,0,0,1.4520506174721757,0.967427410882662,CREBRF,0.2829458142506966,GO_BP,shared_up,GO_BP
GO_Biological_Process_2023,Positive Regulation Of DNA-templated Transcription (GO:0045893),1/1243,0.618187227651059,0.6242777422091975,0,0,1.0779273061881758,0.5184441319259396,CREBRF,0.2046221489835669,GO_BP,shared_up,GO_BP
GO_Biological_Process_2023,Regulation Of DNA-templated Transcription (GO:0006355),1/1922,0.780433928060339,0.7842595845704387,0,0,0.6716739793262437,0.166511469466058,CREBRF,0.10554016501068615,GO_BP,shared_up,GO_BP
GO_Biological_Process_2023,Regulation Of Transcription By RNA Polymerase II (GO:0006357),1/2028,0.7989791893419402,0.7989791893419402,0,0,0.6328141518077384,0.142016392060522,CREBRF,0.09746453241524879,GO_BP,shared_up,GO_BP
GO_Molecular_Function_2023,Cytokine Activity (GO:0005125),3/178,0.0002914982926057582,0.0088186289163695,0,0,28.3,230.3754823877465,CCL4;CXCL1;INHBE,2.0545989319137483,GO_MF,shared_up,GO_MF
GO_Molecular_Function_2023,Chemokine Activity (GO:0008009),2/46,0.0005331252155032125,0.0088186289163695,0,0,69.72377622377623,525.490965769041,CCL4;CXCL1,2.0545989319137483,GO_MF,shared_up,GO_MF
GO_Molecular_Function_2023,Chemokine Receptor Binding (GO:0042379),2/50,0.0006299020654549659,0.0088186289163695,0,0,63.90064102564103,470.9442866528224,CCL4;CXCL1,2.0545989319137483,GO_MF,shared_up,GO_MF
GO_Molecular_Function_2023,"Acyltransferase Activity, Transferring Groups Other Than Amino-Acyl Groups (GO:0016747)",2/64,0.00103037610361,0.0108189490879054,0,0,49.436724565756826,340.0174562475171,PLA2G4C;SIRT4,1.9658149229161113,GO_MF,shared_up,GO_MF
GO_Molecular_Function_2023,Receptor Ligand Activity (GO:0048018),3/319,0.0015862925847007,0.0133248577114866,0,0,15.560917721518988,100.31121054473635,CCL4;CXCL1;INHBE,1.8753374198583241,GO_MF,shared_up,GO_MF
GO_Molecular_Function_2023,rDNA Binding (GO:0000182),1/5,0.0037446970839379,0.0262128795875658,0,0,356.80357142857144,1993.609466758919,TSPYL2,1.581485267481617,GO_MF,shared_up,GO_MF
GO_Molecular_Function_2023,NAD-dependent Protein Deacetylase Activity (GO:0034979),1/6,0.0044920683932145,0.0269524103592872,0,0,285.42857142857144,1542.8675927558304,SIRT4,1.5694023897006777,GO_MF,shared_up,GO_MF
GO_Molecular_Function_2023,Calcium-Independent Phospholipase A2 Activity (GO:0047499),1/7,0.0052389168941443,0.0275043136942578,0,0,237.8452380952381,1249.0776854949,PLA2G4C,1.5605991873808354,GO_MF,shared_up,GO_MF
GO_Molecular_Function_2023,Phospholipase A1 Activity (GO:0008970),1/14,0.0104522409709381,0.0487771245310444,0,0,109.73626373626374,500.5003914455875,PLA2G4C,1.3117838054390307,GO_MF,shared_up,GO_MF
GO_Molecular_Function_2023,Calcium-Dependent Phospholipase A2 Activity (GO:0047498),1/16,0.0119370735063595,0.0495614866147126,0,0,95.0952380952381,421.0918230074216,PLA2G4C,1.3048556752805711,GO_MF,shared_up,GO_MF
GO_Molecular_Function_2023,Histone Deacetylase Activity (GO:0004407),1/18,0.01341982690512,0.0495614866147126,0,0,83.89915966386555,361.6911269349327,SIRT4,1.3048556752805711,GO_MF,shared_up,GO_MF
GO_Molecular_Function_2023,Cysteine-Type Endopeptidase Inhibitor Activity Involved In Apoptotic Process (GO:0043027),1/19,0.0141604247470607,0.0495614866147126,0,0,79.23412698412699,337.3237811891663,BIRC3,1.3048556752805711,GO_MF,shared_up,GO_MF
GO_Molecular_Function_2023,Lysophospholipase Activity (GO:0004622),1/21,0.0156400643604775,0.0505294387030813,0,0,71.30357142857143,296.4745049823623,PLA2G4C,1.2964555260148554,GO_MF,shared_up,GO_MF
GO_Molecular_Function_2023,Mitogen-Activated Protein Kinase Binding (GO:0051019),1/23,0.0171176314186799,0.0513528942560399,0,0,64.81493506493507,263.6442288281798,DUSP1,1.2894350744813967,GO_MF,shared_up,GO_MF
GO_Molecular_Function_2023,NAD+ ADP-ribosyltransferase Activity (GO:0003950),1/26,0.0193301017548387,0.0541242849135485,0,0,57.02857142857143,225.0399736139121,SIRT4,1.2666078284704765,GO_MF,shared_up,GO_MF
GO_Molecular_Function_2023,Phospholipase A2 Activity (GO:0004623),1/31,0.0230072271319287,0.0568413846788828,0,0,47.51190476190476,179.21238137059572,PLA2G4C,1.2453353510282892,GO_MF,shared_up,GO_MF
GO_Molecular_Function_2023,O-acyltransferase Activity (GO:0008374),1/31,0.0230072271319287,0.0568413846788828,0,0,47.51190476190476,179.21238137059572,PLA2G4C,1.2453353510282892,GO_MF,shared_up,GO_MF
GO_Molecular_Function_2023,Pentosyltransferase Activity (GO:0016763),1/39,0.0288638744726761,0.0673490404362442,0,0,37.49436090225564,132.92367662225746,SIRT4,1.171668587561083,GO_MF,shared_up,GO_MF
GO_Molecular_Function_2023,CCR Chemokine Receptor Binding (GO:0048020),1/44,0.0325076230964538,0.0718589563184769,0,0,33.12624584717608,113.499815495736,CCL4,1.1435190947909568,GO_MF,shared_up,GO_MF
GO_Molecular_Function_2023,Calcium-Dependent Phospholipid Binding (GO:0005544),1/47,0.0346877436193286,0.0728442616005902,0,0,30.961180124223603,104.0719468696984,PLA2G4C,1.1376046546470095,GO_MF,shared_up,GO_MF
GO_Molecular_Function_2023,Protein Serine/Threonine Phosphatase Activity (GO:0004722),1/55,0.0404790043547981,0.0786557436084783,0,0,26.36375661375661,84.5478253280487,DUSP1,1.1042695587826867,GO_MF,shared_up,GO_MF
GO_Molecular_Function_2023,"Hydrolase Activity, Acting On Carbon-Nitrogen (But Not Peptide) Bonds, In Linear Amides (GO:0016811)",1/56,0.041200627604441,0.0786557436084783,0,0,25.883116883116884,82.54907099640234,SIRT4,1.1042695587826867,GO_MF,shared_up,GO_MF
GO_Molecular_Function_2023,Protein Tyrosine Phosphatase Activity (GO:0004725),1/76,0.0555271580205681,0.0984168728630269,0,0,18.96190476190476,54.81664896212504,DUSP1,1.0069304385287996,GO_MF,shared_up,GO_MF
GO_Molecular_Function_2023,Phospholipase Activity (GO:0004620),1/77,0.0562382130645868,0.0984168728630269,0,0,18.711466165413533,53.854571105438765,PLA2G4C,1.0069304385287996,GO_MF,shared_up,GO_MF
GO_Molecular_Function_2023,Growth Factor Activity (GO:0008083),1/85,0.0619086933629976,0.1040066048498361,0,0,16.922619047619047,47.08032820576258,CXCL1,0.9829390803285613,GO_MF,shared_up,GO_MF
GO_Molecular_Function_2023,Carboxylic Ester Hydrolase Activity (GO:0052689),1/104,0.0752488951179902,0.121555907498292,0,0,13.787794729542302,35.66839153029831,PLA2G4C,0.9152239300204285,GO_MF,shared_up,GO_MF
GO_Molecular_Function_2023,GTP Binding (GO:0005525),1/201,0.1406384328545632,0.2187708955515427,0,0,7.066071428571429,13.860544185302931,RND1,0.6600104553829796,GO_MF,shared_up,GO_MF
GO_Molecular_Function_2023,Guanyl Ribonucleotide Binding (GO:0032561),1/226,0.1567775936471604,0.2351663904707407,0,0,6.273015873015873,11.623440977700742,RND1,0.6286247466949386,GO_MF,shared_up,GO_MF
GO_Molecular_Function_2023,Ubiquitin-Like Protein Transferase Activity (GO:0019787),1/240,0.1656915032214509,0.2399670046655496,0,0,5.901374775851763,10.608474375358169,BIRC3,0.6198484694417176,GO_MF,shared_up,GO_MF
GO_Molecular_Function_2023,GTPase Activity (GO:0003924),1/265,0.181390820197146,0.2499642327924266,0,0,5.335768398268399,9.108697424710169,RND1,0.6021221297766348,GO_MF,shared_up,GO_MF
GO_Molecular_Function_2023,Ribonucleoside Triphosphate Phosphatase Activity (GO:0017111),1/270,0.1844974099182197,0.2499642327924266,0,0,5.235262878385555,8.848221731583422,RND1,0.6021221297766348,GO_MF,shared_up,GO_MF
GO_Molecular_Function_2023,Ubiquitin Protein Ligase Activity (GO:0061630),1/311,0.2095595547362944,0.2728283466434074,0,0,4.533410138248848,7.084574495046588,BIRC3,0.5641105088276936,GO_MF,shared_up,GO_MF
GO_Molecular_Function_2023,Ubiquitin-Like Protein Ligase Activity (GO:0061659),1/319,0.2143651295055344,0.2728283466434074,0,0,4.417565139263252,6.803379446237624,BIRC3,0.5641105088276936,GO_MF,shared_up,GO_MF
GO_Molecular_Function_2023,Calcium Ion Binding (GO:0005509),1/346,0.2303833851873163,0.2778692558146132,0,0,4.066252587991719,5.969301355200835,PLA2G4C,0.5561595020484241,GO_MF,shared_up,GO_MF
GO_Molecular_Function_2023,"DNA-binding Transcription Activator Activity, RNA Polymerase II-specific (GO:0001228)",1/348,0.2315577131788443,0.2778692558146132,0,0,4.042404281597365,5.913738873958073,CREBRF,0.5561595020484241,GO_MF,shared_up,GO_MF
GO_Molecular_Function_2023,Ubiquitin-Protein Transferase Activity (GO:0004842),1/412,0.2682650500812843,0.3129758917614983,0,0,3.4018074383037886,4.476029491630069,BIRC3,0.5044891144605462,GO_MF,shared_up,GO_MF
GO_Molecular_Function_2023,Transcription Cis-Regulatory Region Binding (GO:0000976),1/474,0.3022589446457517,0.3352601116151214,0,0,2.9465418302627606,3.5254524288699733,CREBRF,0.4746181147368378,GO_MF,shared_up,GO_MF
GO_Molecular_Function_2023,Purine Ribonucleoside Triphosphate Binding (GO:0035639),1/476,0.303330577175586,0.3352601116151214,0,0,2.933834586466165,3.499865320546756,RND1,0.4746181147368378,GO_MF,shared_up,GO_MF
GO_Molecular_Function_2023,Protein Kinase Binding (GO:0019901),1/511,0.3218372675824402,0.3433919965506239,0,0,2.727591036414566,3.092295164645052,DUSP1,0.4642098311739545,GO_MF,shared_up,GO_MF
GO_Molecular_Function_2023,Metal Ion Binding (GO:0046872),1/521,0.3270399967148799,0.3433919965506239,0,0,2.6737637362637363,2.988393005530288,PLA2G4C,0.4642098311739545,GO_MF,shared_up,GO_MF
GO_Molecular_Function_2023,Sequence-Specific Double-Stranded DNA Binding (GO:1990837),1/715,0.4208906390179122,0.4311562643598125,0,0,1.927871148459384,1.6683454603027057,TSPYL2,0.3653652995618737,GO_MF,shared_up,GO_MF
GO_Molecular_Function_2023,RNA Polymerase II Transcription Regulatory Region Sequence-Specific DNA Binding (GO:0000977),1/1225,0.612652039172093,0.612652039172093,0,0,1.0948295985060692,0.5364206738616908,CREBRF,0.21278611662933114,GO_MF,shared_up,GO_MF
GO_Cellular_Component_2023,Podosome (GO:0002102),1/12,0.0089653267055102,0.1926437779291105,0,0,129.7012987012987,611.4626002996463,LPXN,0.7152450134077479,GO_CC,shared_up,GO_CC
GO_Cellular_Component_2023,Actin Cytoskeleton (GO:0015629),2/327,0.0243169097304828,0.1926437779291105,0,0,9.306508875739643,34.58841544059362,LPXN;RND1,0.7152450134077479,GO_CC,shared_up,GO_CC
GO_Cellular_Component_2023,Tertiary Granule Lumen (GO:1904724),1/53,0.0390342369458394,0.1926437779291105,0,0,27.380494505494507,88.80359995755282,CXCL1,0.7152450134077479,GO_CC,shared_up,GO_CC
GO_Cellular_Component_2023,Sperm Flagellum (GO:0036126),1/60,0.0440820585634856,0.1926437779291105,0,0,24.12348668280872,75.30634662640054,CFAP251,0.7152450134077479,GO_CC,shared_up,GO_CC
GO_Cellular_Component_2023,Specific Granule Lumen (GO:0035580),1/61,0.0448011524424067,0.1926437779291105,0,0,23.72023809523809,73.66370739100482,CXCL1,0.7152450134077479,GO_CC,shared_up,GO_CC
GO_Cellular_Component_2023,9+2 Motile Cilium (GO:0097729),1/70,0.0512503168821025,0.1926437779291105,0,0,20.61697722567288,61.25372955093302,CFAP251,0.7152450134077479,GO_CC,shared_up,GO_CC
GO_Cellular_Component_2023,Motile Cilium (GO:0031514),1/73,0.0533909917466193,0.1926437779291105,0,0,19.75496031746032,57.88427080418689,CFAP251,0.7152450134077479,GO_CC,shared_up,GO_CC
GO_Cellular_Component_2023,Intracellular Non-Membrane-Bounded Organelle (GO:0043232),3/1195,0.0564821134617749,0.1926437779291105,0,0,3.941484899328859,11.327162541501536,TSPYL2;PLA2G4C;LPXN,0.7152450134077479,GO_CC,shared_up,GO_CC
GO_Cellular_Component_2023,Lipid Droplet (GO:0005811),1/82,0.0597860000469653,0.1926437779291105,0,0,17.552028218694886,49.44377841836203,PLA2G4C,0.7152450134077479,GO_CC,shared_up,GO_CC
GO_Cellular_Component_2023,Intracellular Membrane-Bounded Organelle (GO:0043231),7/5175,0.0667500479220831,0.1935751389740412,0,0,2.5086832430340555,6.790504463955459,TSPYL2;DUSP1;CREBRF;LPXN;TSPAN1;RND1;BIRC3,0.7131504202698422,GO_CC,shared_up,GO_CC
GO_Cellular_Component_2023,Mitochondrial Envelope (GO:0005740),1/146,0.1041120167975172,0.2379752639076738,0,0,9.773399014778326,22.11024208758202,PLA2G4C,0.6234681828876213,GO_CC,shared_up,GO_CC
GO_Cellular_Component_2023,Adherens Junction (GO:0005912),1/150,0.1068165780037886,0.2379752639076738,0,0,9.509108341323106,21.268472427628502,RND1,0.6234681828876213,GO_CC,shared_up,GO_CC
GO_Cellular_Component_2023,Specific Granule (GO:0042581),1/159,0.1128740036540262,0.2379752639076738,0,0,8.963381555153708,19.55346533005323,CXCL1,0.6234681828876213,GO_CC,shared_up,GO_CC
GO_Cellular_Component_2023,Tertiary Granule (GO:0070820),1/162,0.1148846101623253,0.2379752639076738,0,0,8.79503105590062,19.0309260537266,CXCL1,0.6234681828876213,GO_CC,shared_up,GO_CC
GO_Cellular_Component_2023,Intracellular Organelle Lumen (GO:0070013),2/856,0.1331055017477385,0.2573373033789612,0,0,3.44640605296343,6.9500680044142,SIRT4;CXCL1,0.5894972542973617,GO_CC,shared_up,GO_CC
GO_Cellular_Component_2023,Vesicle (GO:0031982),1/235,0.1625181095242184,0.2945640735126459,0,0,6.028998778998779,10.954484832022487,TSPAN1,0.5308202229606757,GO_CC,shared_up,GO_CC
GO_Cellular_Component_2023,Cilium (GO:0005929),1/257,0.1763972930360838,0.3009130292968489,0,0,5.504743303571429,9.550820356073343,CFAP251,0.5215590072442419,GO_CC,shared_up,GO_CC
GO_Cellular_Component_2023,Cell-Cell Junction (GO:0005911),1/299,0.2022997273098865,0.3125688561115502,0,0,4.718839884947268,7.540729177101283,RND1,0.505054296607019,GO_CC,shared_up,GO_CC
GO_Cellular_Component_2023,Secretory Granule Lumen (GO:0034774),1/316,0.2125662435398284,0.3125688561115502,0,0,4.4603174603174605,6.906808745627763,CXCL1,0.505054296607019,GO_CC,shared_up,GO_CC
GO_Cellular_Component_2023,Nucleus (GO:0005634),5/4487,0.2323051067951752,0.3125688561115502,0,0,1.729473449352967,2.524518716675112,TSPYL2;DUSP1;CREBRF;LPXN;BIRC3,0.505054296607019,GO_CC,shared_up,GO_CC
GO_Cellular_Component_2023,Mitochondrial Matrix (GO:0005759),1/355,0.235654704213017,0.3125688561115502,0,0,3.9610573042776434,5.725263360434766,SIRT4,0.505054296607019,GO_CC,shared_up,GO_CC
GO_Cellular_Component_2023,Collagen-Containing Extracellular Matrix (GO:0062023),1/373,0.2460964030043281,0.3125688561115502,0,0,3.765937019969278,5.2799639773038365,INHBE,0.505054296607019,GO_CC,shared_up,GO_CC
GO_Cellular_Component_2023,Focal Adhesion (GO:0005925),1/387,0.2541255156372162,0.3125688561115502,0,0,3.626757957068838,4.968393567943132,LPXN,0.505054296607019,GO_CC,shared_up,GO_CC
GO_Cellular_Component_2023,Cell-Substrate Junction (GO:0030055),1/395,0.2586776740233519,0.3125688561115502,0,0,3.5516678752719364,4.8024676093288745,LPXN,0.505054296607019,GO_CC,shared_up,GO_CC
GO_Cellular_Component_2023,Mitochondrial Membrane (GO:0031966),1/540,0.33682270149995,0.3907143337399419,0,0,2.5769944341372915,2.8042817235356,PLA2G4C,0.4081406559623819,GO_CC,shared_up,GO_CC
GO_Cellular_Component_2023,Cytoskeleton (GO:0005856),1/599,0.3663612196757431,0.4086336680998673,0,0,2.3156951743908265,2.325271716223285,RND1,0.38866585388661024,GO_CC,shared_up,GO_CC
GO_Cellular_Component_2023,Nucleolus (GO:0005730),1/771,0.4456174209989563,0.4584550322825936,0,0,1.7824675324675323,1.4407586949619018,TSPYL2,0.3387032558266051,GO_CC,shared_up,GO_CC
GO_Cellular_Component_2023,Nuclear Lumen (GO:0031981),1/780,0.44949821970602,0.4584550322825936,0,0,1.7610489638730973,1.4081759348542455,TSPYL2,0.3387032558266051,GO_CC,shared_up,GO_CC
GO_Cellular_Component_2023,Endoplasmic Reticulum Membrane (GO:0005789),1/801,0.4584550322825936,0.4584550322825936,0,0,1.7129464285714286,1.33591504518113,PLA2G4C,0.3387032558266051,GO_CC,shared_up,GO_CC
KEGG_2021_Human,NF-kappa B signaling pathway,3/104,5.9385653561452944e-05,0.0032068252923184,0,0,49.21782178217822,478.9611597811016,CCL4;CXCL1;BIRC3,2.4939246997687374,KEGG,shared_up,KEGG
KEGG_2021_Human,Cytokine-cytokine receptor interaction,3/295,0.0012672074055422,0.0341969623525102,0,0,16.86044520547945,112.4750131612174,CCL4;CXCL1;INHBE,1.4660124697372416,KEGG,shared_up,KEGG
KEGG_2021_Human,Viral protein interaction with cytokine and cytokine receptor,2/100,0.0024908343052083,0.0341969623525102,0,0,31.21978021978022,187.16687708215863,CCL4;CXCL1,1.4660124697372416,KEGG,shared_up,KEGG
KEGG_2021_Human,TNF signaling pathway,2/112,0.0031116888600155,0.0341969623525102,0,0,27.7972027972028,160.46184539900213,CXCL1;BIRC3,1.4660124697372416,KEGG,shared_up,KEGG
KEGG_2021_Human,Serotonergic synapse,2/113,0.0031663854030102,0.0341969623525102,0,0,27.545391545391546,158.52826212485263,DUSP1;PLA2G4C,1.4660124697372416,KEGG,shared_up,KEGG
KEGG_2021_Human,Necroptosis,2/159,0.006161457776118,0.0537351918304383,0,0,19.4296913277805,98.88628470986652,PLA2G4C;BIRC3,1.2697411963868321,KEGG,shared_up,KEGG
KEGG_2021_Human,NOD-like receptor signaling pathway,2/181,0.007915010690894,0.0537351918304383,0,0,17.02277610657499,82.37311544233957,CXCL1;BIRC3,1.2697411963868321,KEGG,shared_up,KEGG
KEGG_2021_Human,Chemokine signaling pathway,2/192,0.0088668877448714,0.0537351918304383,0,0,16.02834008097166,75.74082180568841,CCL4;CXCL1,1.2697411963868321,KEGG,shared_up,KEGG
KEGG_2021_Human,Kaposi sarcoma-associated herpesvirus infection,2/193,0.008955865305073,0.0537351918304383,0,0,15.943616592831251,75.18127297306344,CD200R1;CXCL1,1.2697411963868321,KEGG,shared_up,KEGG
KEGG_2021_Human,alpha-Linolenic acid metabolism,1/25,0.0185931285667873,0.0969206569461414,0,0,59.407738095238095,236.7376500104764,PLA2G4C,1.0135836507962197,KEGG,shared_up,KEGG
KEGG_2021_Human,MAPK signaling pathway,2/294,0.0199312567600718,0.0969206569461414,0,0,10.375658587987354,40.625539342308905,DUSP1;PLA2G4C,1.0135836507962197,KEGG,shared_up,KEGG
KEGG_2021_Human,Linoleic acid metabolism,1/29,0.0215379237658092,0.0969206569461414,0,0,50.910714285714285,195.39226686727991,PLA2G4C,1.0135836507962197,KEGG,shared_up,KEGG
KEGG_2021_Human,Nicotinate and nicotinamide metabolism,1/35,0.0259396587086567,0.1077493515590358,0,0,41.91386554621849,153.06869330263612,SIRT4,0.9675853347651888,KEGG,shared_up,KEGG
KEGG_2021_Human,Ether lipid metabolism,1/49,0.0361386092201723,0.1231345556476204,0,0,29.668154761904763,98.50994756608031,PLA2G4C,0.9096200525024302,KEGG,shared_up,KEGG
KEGG_2021_Human,Ovarian steroidogenesis,1/51,0.0375874394476064,0.1231345556476204,0,0,28.478571428571428,93.44062326514334,PLA2G4C,0.9096200525024302,KEGG,shared_up,KEGG
KEGG_2021_Human,Legionellosis,1/57,0.0419217443178537,0.1231345556476204,0,0,25.419642857142858,80.62985215473387,CXCL1,0.9096200525024302,KEGG,shared_up,KEGG
KEGG_2021_Human,VEGF signaling pathway,1/59,0.0433624594690451,0.1231345556476204,0,0,24.54064039408867,77.0124855419272,PLA2G4C,0.9096200525024302,KEGG,shared_up,KEGG
KEGG_2021_Human,Long-term depression,1/60,0.0440820585634856,0.1231345556476204,0,0,24.12348668280872,75.30634662640054,PLA2G4C,0.9096200525024302,KEGG,shared_up,KEGG
KEGG_2021_Human,Arachidonic acid metabolism,1/61,0.0448011524424067,0.1231345556476204,0,0,23.72023809523809,73.66370739100482,PLA2G4C,0.9096200525024302,KEGG,shared_up,KEGG
KEGG_2021_Human,Cytosolic DNA-sensing pathway,1/63,0.0462378258751889,0.1231345556476204,0,0,22.952764976958527,70.5558142686329,CCL4,0.9096200525024302,KEGG,shared_up,KEGG
KEGG_2021_Human,Fc epsilon RI signaling pathway,1/68,0.0498206911792053,0.1231345556476204,0,0,21.23454157782516,63.6892892034775,PLA2G4C,0.9096200525024302,KEGG,shared_up,KEGG
KEGG_2021_Human,Epithelial cell signaling in Helicobacter pylori infection,1/70,0.0512503168821025,0.1231345556476204,0,0,20.61697722567288,61.25372955093302,CXCL1,0.9096200525024302,KEGG,shared_up,KEGG
KEGG_2021_Human,Small cell lung cancer,1/92,0.0668442628656717,0.1231345556476204,0,0,15.615384615384617,42.24570226347746,BIRC3,0.9096200525024302,KEGG,shared_up,KEGG
KEGG_2021_Human,GnRH signaling pathway,1/93,0.0675473625075365,0.1231345556476204,0,0,15.444875776397517,41.62280131809552,PLA2G4C,0.9096200525024302,KEGG,shared_up,KEGG
KEGG_2021_Human,Rheumatoid arthritis,1/93,0.0675473625075365,0.1231345556476204,0,0,15.444875776397517,41.62280131809552,CXCL1,0.9096200525024302,KEGG,shared_up,KEGG
KEGG_2021_Human,IL-17 signaling pathway,1/94,0.0682499676931499,0.1231345556476204,0,0,15.278033794162829,41.01507826972229,CXCL1,0.9096200525024302,KEGG,shared_up,KEGG
KEGG_2021_Human,TGF-beta signaling pathway,1/94,0.0682499676931499,0.1231345556476204,0,0,15.278033794162829,41.01507826972229,INHBE,0.9096200525024302,KEGG,shared_up,KEGG
KEGG_2021_Human,Fc gamma R-mediated phagocytosis,1/97,0.070354819690786,0.1231345556476204,0,0,14.798363095238097,39.27787433724205,PLA2G4C,0.9096200525024302,KEGG,shared_up,KEGG
KEGG_2021_Human,Inflammatory mediator regulation of TRP channels,1/98,0.0710554502653649,0.1231345556476204,0,0,14.645066273932253,38.72587137976069,PLA2G4C,0.9096200525024302,KEGG,shared_up,KEGG
KEGG_2021_Human,Choline metabolism in cancer,1/98,0.0710554502653649,0.1231345556476204,0,0,14.645066273932253,38.72587137976069,PLA2G4C,0.9096200525024302,KEGG,shared_up,KEGG
KEGG_2021_Human,Glycerophospholipid metabolism,1/98,0.0710554502653649,0.1231345556476204,0,0,14.645066273932253,38.72587137976069,PLA2G4C,0.9096200525024302,KEGG,shared_up,KEGG
KEGG_2021_Human,Amoebiasis,1/102,0.0738530472723681,0.1231345556476204,0,0,14.062234794908065,36.6416559464346,CXCL1,0.9096200525024302,KEGG,shared_up,KEGG
KEGG_2021_Human,Toll-like receptor signaling pathway,1/104,0.0752488951179902,0.1231345556476204,0,0,13.787794729542302,35.66839153029831,CCL4,0.9096200525024302,KEGG,shared_up,KEGG
KEGG_2021_Human,Toxoplasmosis,1/112,0.0808126753410127,0.126820898348333,0,0,12.788931788931787,32.17211116568681,BIRC3,0.8968091747703945,KEGG,shared_up,KEGG
KEGG_2021_Human,Glutamatergic synapse,1/114,0.0821987304109565,0.126820898348333,0,0,12.561314791403287,31.38589486042515,PLA2G4C,0.8968091747703945,KEGG,shared_up,KEGG
KEGG_2021_Human,Platelet activation,1/124,0.0890997933217558,0.1336496899826337,0,0,11.534262485481998,27.889826667906146,PLA2G4C,0.8740320443072765,KEGG,shared_up,KEGG
KEGG_2021_Human,Vascular smooth muscle contraction,1/133,0.095269312365145,0.1344449616736156,0,0,10.742965367965368,25.25722220437665,PLA2G4C,0.87145546832611,KEGG,shared_up,KEGG
KEGG_2021_Human,Fluid shear stress and atherosclerosis,1/139,0.0993606343978926,0.1344449616736156,0,0,10.272774327122152,23.719828483584102,DUSP1,0.87145546832611,KEGG,shared_up,KEGG
KEGG_2021_Human,Ubiquitin mediated proteolysis,1/140,0.1000408402258,0.1344449616736156,0,0,10.1983556012333,23.47841739926932,BIRC3,0.87145546832611,KEGG,shared_up,KEGG
KEGG_2021_Human,Apoptosis,1/142,0.1013998137200156,0.1344449616736156,0,0,10.052684903748734,23.00741934663807,BIRC3,0.87145546832611,KEGG,shared_up,KEGG
KEGG_2021_Human,Signaling pathways regulating pluripotency of stem cells,1/143,0.1020785820114489,0.1344449616736156,0,0,9.98138832997988,22.77765144350997,INHBE,0.87145546832611,KEGG,shared_up,KEGG
KEGG_2021_Human,Phospholipase D signaling pathway,1/148,0.1054652513789735,0.1355981803443945,0,0,9.639455782312924,21.682738811969998,PLA2G4C,0.8677461384312777,KEGG,shared_up,KEGG
KEGG_2021_Human,Oxytocin signaling pathway,1/154,0.1095135173433318,0.1375286031753469,0,0,9.258636788048554,20.47739449150128,PLA2G4C,0.8616069679475741,KEGG,shared_up,KEGG
KEGG_2021_Human,Hippo signaling pathway,1/163,0.1155538666355705,0.1418161090527456,0,0,8.740299823633157,18.861728539646958,BIRC3,0.848274434347909,KEGG,shared_up,KEGG
KEGG_2021_Human,Axon guidance,1/182,0.1281803498536608,0.153816419824393,0,0,7.815311760063142,16.05512799278458,RND1,0.812997301345402,KEGG,shared_up,KEGG
KEGG_2021_Human,Transcriptional misregulation in cancer,1/192,0.1347580944086354,0.158194284740572,0,0,7.402393418100225,14.836424674361693,BIRC3,0.8008092107907352,KEGG,shared_up,KEGG
KEGG_2021_Human,Focal adhesion,1/201,0.1406384328545632,0.1615845824286471,0,0,7.066071428571429,13.860544185302931,BIRC3,0.7916000797346416,KEGG,shared_up,KEGG
KEGG_2021_Human,Lipid and atherosclerosis,1/215,0.1497115348985968,0.1684254767609214,0,0,6.59913217623498,12.532048548494316,CXCL1,0.7735922146189278,KEGG,shared_up,KEGG
KEGG_2021_Human,Human cytomegalovirus infection,1/225,0.156137496570655,0.1720698941799055,0,0,6.301339285714286,11.7017021894609,CCL4,0.7642951083782746,KEGG,shared_up,KEGG
KEGG_2021_Human,Ras signaling pathway,1/232,0.1606086695205143,0.1734573630821554,0,0,6.108225108225108,11.170627381228671,PLA2G4C,0.7608072600878282,KEGG,shared_up,KEGG
KEGG_2021_Human,Salmonella infection,1/249,0.1713753475529466,0.1779667070742138,0,0,5.684619815668203,10.02709585103008,BIRC3,0.7496612352546769,KEGG,shared_up,KEGG
KEGG_2021_Human,Parkinson disease,1/249,0.1713753475529466,0.1779667070742138,0,0,5.684619815668203,10.02709585103008,DUSP1,0.7496612352546769,KEGG,shared_up,KEGG
KEGG_2021_Human,Herpes simplex virus 1 infection,1/498,0.3150175866782025,0.3209613147287346,0,0,2.800804828973843,3.235284750299428,BIRC3,0.4935473096895076,KEGG,shared_up,KEGG
KEGG_2021_Human,Pathways in cancer,1/531,0.3322054533794769,0.3322054533794769,0,0,2.621967654986523,2.889412723953966,BIRC3,0.47859324258548164,KEGG,shared_up,KEGG
Reactome_Pathways_2024,Interleukin-10 Signaling,2/46,0.0005331252155032125,0.03313667930682,0,0,69.72377622377623,525.490965769041,CCL4;CXCL1,1.4796910152583407,Reactome,shared_up,Reactome
Reactome_Pathways_2024,Chemokine Receptors Bind Chemokines,2/57,0.0008181896125140755,0.03313667930682,0,0,55.74825174825175,396.2817896791765,CCL4;CXCL1,1.4796910152583407,Reactome,shared_up,Reactome
Reactome_Pathways_2024,Unfolded Protein Response (UPR),2/95,0.0022516484548808,0.0607945082817821,0,0,32.90653432588916,200.6012831732284,TSPYL2;CREBRF,1.2161356498495919,Reactome,shared_up,Reactome
Reactome_Pathways_2024,Sema4D Mediated Inhibition of Cell Attachment and Migration,1/8,0.0059852428364459,0.0729211811483478,0,0,203.8571428571429,1043.434298452164,RND1,1.1371463054304551,Reactome,shared_up,Reactome
Reactome_Pathways_2024,Hydrolysis of LPC,1/9,0.0067310464938694,0.0729211811483478,0,0,178.36607142857142,892.013120036697,PLA2G4C,1.1371463054304551,Reactome,shared_up,Reactome
Reactome_Pathways_2024,CREB3 Factors Activate Genes,1/9,0.0067310464938694,0.0729211811483478,0,0,178.36607142857142,892.013120036697,CREBRF,1.1371463054304551,Reactome,shared_up,Reactome
Reactome_Pathways_2024,Glycoprotein Hormones,1/10,0.0074763281564485,0.0729211811483478,0,0,158.53968253968253,776.212425317664,INHBE,1.1371463054304551,Reactome,shared_up,Reactome
Reactome_Pathways_2024,Peptide Hormone Biosynthesis,1/12,0.0089653267055102,0.0729211811483478,0,0,129.7012987012987,611.4626002996463,INHBE,1.1371463054304551,Reactome,shared_up,Reactome
Reactome_Pathways_2024,Peptide Ligand-Binding Receptors,2/198,0.0094068125348507,0.0729211811483478,0,0,15.532967032967033,72.48181203601595,CCL4;CXCL1,1.1371463054304551,Reactome,shared_up,Reactome
Reactome_Pathways_2024,SEMA3A-Plexin Repulsion Signaling by Inhibiting Integrin Adhesion,1/14,0.0104522409709381,0.0729211811483478,0,0,109.73626373626374,500.5003914455875,RND1,1.1371463054304551,Reactome,shared_up,Reactome
Reactome_Pathways_2024,Regulation of Pyruvate Dehydrogenase (PDH) Complex,1/15,0.0111949172924613,0.0729211811483478,0,0,101.89285714285714,457.7328151534797,SIRT4,1.1371463054304551,Reactome,shared_up,Reactome
Reactome_Pathways_2024,TNF Receptor Superfamily (TNFSF) Members Mediating Non-Canonical NF-kB Pathway,1/17,0.012678709933633,0.0729211811483478,0,0,89.14732142857143,389.38044082427126,BIRC3,1.1371463054304551,Reactome,shared_up,Reactome
Reactome_Pathways_2024,Acyl Chain Remodelling of PI,1/17,0.012678709933633,0.0729211811483478,0,0,89.14732142857143,389.38044082427126,PLA2G4C,1.1371463054304551,Reactome,shared_up,Reactome
Reactome_Pathways_2024,"TICAM1, RIP1-mediated IKK Complex Recruitment",1/19,0.0141604247470607,0.0729211811483478,0,0,79.23412698412699,337.3237811891663,BIRC3,1.1371463054304551,Reactome,shared_up,Reactome
Reactome_Pathways_2024,Sema4D Induced Cell Migration and Growth-Cone Collapse,1/20,0.0149005037888985,0.0729211811483478,0,0,75.06015037593986,315.7300332957057,RND1,1.1371463054304551,Reactome,shared_up,Reactome
Reactome_Pathways_2024,IKK Complex Recruitment Mediated by RIP1,1/23,0.0171176314186799,0.0729211811483478,0,0,64.81493506493507,263.6442288281798,BIRC3,1.1371463054304551,Reactome,shared_up,Reactome
Reactome_Pathways_2024,RAF-independent MAPK1 3 Activation,1/23,0.0171176314186799,0.0729211811483478,0,0,64.81493506493507,263.6442288281798,DUSP1,1.1371463054304551,Reactome,shared_up,Reactome
Reactome_Pathways_2024,Sema4D in Semaphorin Signaling,1/24,0.0178556385652366,0.0729211811483478,0,0,61.993788819875775,249.55202523941097,RND1,1.1371463054304551,Reactome,shared_up,Reactome
Reactome_Pathways_2024,Cytokine Signaling in Immune System,3/776,0.0186753491919134,0.0729211811483478,0,0,6.213454075032342,24.732969898413547,CCL4;CXCL1;BIRC3,1.1371463054304551,Reactome,shared_up,Reactome
Reactome_Pathways_2024,TNFR1-induced Proapoptotic Signaling,1/26,0.0193301017548387,0.0729211811483478,0,0,57.02857142857143,225.0399736139121,BIRC3,1.1371463054304551,Reactome,shared_up,Reactome
Reactome_Pathways_2024,Acyl Chain Remodelling of PC,1/27,0.020066558464378,0.0729211811483478,0,0,54.832417582417584,214.3235039145759,PLA2G4C,1.1371463054304551,Reactome,shared_up,Reactome
Reactome_Pathways_2024,Acyl Chain Remodelling of PE,1/29,0.0215379237658092,0.0729211811483478,0,0,50.910714285714285,195.39226686727991,PLA2G4C,1.1371463054304551,Reactome,shared_up,Reactome
Reactome_Pathways_2024,G Alpha (I) Signalling Events,2/316,0.0228138777343644,0.0729211811483478,0,0,9.637922586967171,36.43507008057645,CCL4;CXCL1,1.1371463054304551,Reactome,shared_up,Reactome
Reactome_Pathways_2024,Regulation of Necroptotic Cell Death,1/32,0.0237411064214928,0.0729211811483478,0,0,45.97695852534562,171.97898738890794,BIRC3,1.1371463054304551,Reactome,shared_up,Reactome
Reactome_Pathways_2024,TNFR1-induced NF-kappa-B Signaling Pathway,1/33,0.024474471226601,0.0729211811483478,0,0,44.53794642857143,165.24133492847943,BIRC3,1.1371463054304551,Reactome,shared_up,Reactome
Reactome_Pathways_2024,Regulation of Pyruvate Metabolism,1/33,0.024474471226601,0.0729211811483478,0,0,44.53794642857143,165.24133492847943,SIRT4,1.1371463054304551,Reactome,shared_up,Reactome
Reactome_Pathways_2024,Class A 1 (Rhodopsin-like Receptors),2/333,0.0251537508195975,0.0729211811483478,0,0,9.135022077620263,33.641986621225186,CCL4;CXCL1,1.1371463054304551,Reactome,shared_up,Reactome
Reactome_Pathways_2024,RIPK1-mediated Regulated Necrosis,1/34,0.0252073218784412,0.0729211811483478,0,0,43.18614718614719,158.95183056590523,BIRC3,1.1371463054304551,Reactome,shared_up,Reactome
Reactome_Pathways_2024,NOD1 2 Signaling Pathway,1/37,0.0274027922368154,0.0765388334890362,0,0,39.58134920634921,142.37848146420913,BIRC3,1.1161181610445636,Reactome,shared_up,Reactome
Reactome_Pathways_2024,RND1 GTPase Cycle,1/42,0.03105165746751,0.0830377919797086,0,0,34.745644599303134,120.6404600270104,RND1,1.080724207469818,Reactome,shared_up,Reactome
Reactome_Pathways_2024,Negative Regulation of MAPK Pathway,1/43,0.0317798956959378,0.0830377919797086,0,0,33.916666666666664,116.97591748147126,DUSP1,1.080724207469818,Reactome,shared_up,Reactome
Reactome_Pathways_2024,XBP1(S) Activates Chaperone Genes,1/49,0.0361386092201723,0.0845717387571145,0,0,29.668154761904763,98.50994756608031,TSPYL2,1.0727747404166865,Reactome,shared_up,Reactome
Reactome_Pathways_2024,Pyruvate Metabolism,1/49,0.0361386092201723,0.0845717387571145,0,0,29.668154761904763,98.50994756608031,SIRT4,1.0727747404166865,Reactome,shared_up,Reactome
Reactome_Pathways_2024,Signal Transduction,5/2613,0.0367837655078668,0.0845717387571145,0,0,3.3314800613496933,11.002874820462283,DUSP1;CCL4;CXCL1;RND1;BIRC3,1.0727747404166865,Reactome,shared_up,Reactome
Reactome_Pathways_2024,Regulation of TNFR1 Signaling,1/50,0.0368632785936063,0.0845717387571145,0,0,29.06122448979592,95.91771596133704,BIRC3,1.0727747404166865,Reactome,shared_up,Reactome
Reactome_Pathways_2024,IRE1alpha Activates Chaperones,1/51,0.0375874394476064,0.0845717387571145,0,0,28.478571428571428,93.44062326514334,TSPYL2,1.0727747404166865,Reactome,shared_up,Reactome
Reactome_Pathways_2024,Transcriptional Activation of Mitochondrial Biogenesis,1/56,0.041200627604441,0.0884508812197822,0,0,25.883116883116884,82.54907099640234,SIRT4,1.053297835937047,Reactome,shared_up,Reactome
Reactome_Pathways_2024,TNF Signaling,1/59,0.0433624594690451,0.0884508812197822,0,0,24.54064039408867,77.0124855419272,BIRC3,1.053297835937047,Reactome,shared_up,Reactome
Reactome_Pathways_2024,Signaling by Interleukins,2/452,0.0440656196848278,0.0884508812197822,0,0,6.678632478632479,20.851194164228552,CCL4;CXCL1,1.053297835937047,Reactome,shared_up,Reactome
Reactome_Pathways_2024,"Nucleotide-binding Domain, Leucine Rich Repeat Containing Receptor (NLR) Signaling Pathways",1/61,0.0448011524424067,0.0884508812197822,0,0,23.72023809523809,73.66370739100482,BIRC3,1.053297835937047,Reactome,shared_up,Reactome
Reactome_Pathways_2024,Regulated Necrosis,1/61,0.0448011524424067,0.0884508812197822,0,0,23.72023809523809,73.66370739100482,BIRC3,1.053297835937047,Reactome,shared_up,Reactome
Reactome_Pathways_2024,GPCR Ligand Binding,2/467,0.0467400279676884,0.0884508812197822,0,0,6.4582299421009095,19.78255515016167,CCL4;CXCL1,1.053297835937047,Reactome,shared_up,Reactome
Reactome_Pathways_2024,Semaphorin Interactions,1/64,0.0469554060796374,0.0884508812197822,0,0,22.58730158730159,69.0845479012675,RND1,1.053297835937047,Reactome,shared_up,Reactome
Reactome_Pathways_2024,Peptide Hormone Metabolism,1/86,0.0626152632725983,0.1152484438490688,0,0,16.722689075630253,46.33432734971711,INHBE,0.938364929993196,Reactome,shared_up,Reactome
Reactome_Pathways_2024,TNFR2 Non-Canonical NF-kB Pathway,1/88,0.0640269132494826,0.1152484438490688,0,0,16.336617405582924,44.90040493421904,BIRC3,0.938364929993196,Reactome,shared_up,Reactome
Reactome_Pathways_2024,Immune System,4/2150,0.0691890420505836,0.1212497956373121,0,0,3.022790815894264,8.073610623759134,CD200R1;CCL4;CXCL1;BIRC3,0.9163189847146674,Reactome,shared_up,Reactome
Reactome_Pathways_2024,Mitochondrial Biogenesis,1/97,0.070354819690786,0.1212497956373121,0,0,14.798363095238097,39.27787433724205,SIRT4,0.9163189847146674,Reactome,shared_up,Reactome
Reactome_Pathways_2024,Toll Like Receptor 3 (TLR3) Cascade,1/106,0.0766427792936723,0.1270906166703392,0,0,13.523809523809524,34.73725554308256,BIRC3,0.8958865130079658,Reactome,shared_up,Reactome
Reactome_Pathways_2024,MyD88-independent TLR4 Cascade,1/110,0.0794246668384852,0.1270906166703392,0,0,13.024901703800786,32.99137649388919,BIRC3,0.8958865130079658,Reactome,shared_up,Reactome
Reactome_Pathways_2024,TRIF (TICAM1)-mediated TLR4 Signaling,1/110,0.0794246668384852,0.1270906166703392,0,0,13.024901703800786,32.99137649388919,BIRC3,0.8958865130079658,Reactome,shared_up,Reactome
Reactome_Pathways_2024,GPCR Downstream Signalling,2/633,0.0800200179035469,0.1270906166703392,0,0,4.718761428745581,11.917130307551178,CCL4;CXCL1,0.8958865130079658,Reactome,shared_up,Reactome
Reactome_Pathways_2024,Glycerophospholipid Biosynthesis,1/128,0.0918466335076922,0.1430687945023667,0,0,11.16872890888639,26.66684938927765,PLA2G4C,0.8444550821962695,Reactome,shared_up,Reactome
Reactome_Pathways_2024,Signaling by GPCR,2/706,0.0964980605511241,0.1474781680120953,0,0,4.213505244755245,9.852154349205568,CCL4;CXCL1,0.8312722658799945,Reactome,shared_up,Reactome
Reactome_Pathways_2024,Toll Like Receptor 4 (TLR4) Cascade,1/148,0.1054652513789735,0.1581978770684602,0,0,9.639455782312924,21.682738811969998,BIRC3,0.8007993488006646,Reactome,shared_up,Reactome
Reactome_Pathways_2024,Death Receptor Signaling,1/157,0.1115312319896432,0.16425508711202,0,0,9.079212454212454,19.91480418475504,BIRC3,0.7844811711108496,Reactome,shared_up,Reactome
Reactome_Pathways_2024,Cellular Responses to Stress,2/787,0.1158545890001926,0.1675753876609928,0,0,3.762861342479177,8.110544402262143,TSPYL2;CREBRF,0.7757897672567169,Reactome,shared_up,Reactome
Reactome_Pathways_2024,Toll-like Receptor Cascades,1/174,0.1228845824505252,0.174625459271799,0,0,8.18001651527663,17.14948411931612,BIRC3,0.7578924386647583,Reactome,shared_up,Reactome
Reactome_Pathways_2024,Ub-specific Processing Proteases,1/190,0.1334462626454965,0.1863646081773313,0,0,7.481481481481482,15.068125727921291,BIRC3,0.7296365594319966,Reactome,shared_up,Reactome
Reactome_Pathways_2024,Cellular Responses to Stimuli,2/887,0.141055048568659,0.1907408199589472,0,0,3.3202955236853544,6.5031475782423565,TSPYL2;CREBRF,0.7195563547471914,Reactome,shared_up,Reactome
Reactome_Pathways_2024,Programmed Cell Death,1/202,0.1412894962658868,0.1907408199589472,0,0,7.030561478322673,13.758417410895412,BIRC3,0.7195563547471914,Reactome,shared_up,Reactome
Reactome_Pathways_2024,Phospholipid Metabolism,1/211,0.1471283856435019,0.1953672006085846,0,0,6.726190476190476,12.89040573130984,PLA2G4C,0.7091483464021364,Reactome,shared_up,Reactome
Reactome_Pathways_2024,Immunoregulatory Interactions Between a Lymphoid and a non-Lymphoid Cell,1/223,0.1548559416882842,0.2023117947863068,0,0,6.358751608751609,11.860725042866768,CD200R1,0.6939787971041979,Reactome,shared_up,Reactome
Reactome_Pathways_2024,Aerobic Respiration and Respiratory Electron Transport,1/260,0.1782731879549088,0.2271895436693299,0,0,5.44015444015444,9.381209811952148,SIRT4,0.6436116607744491,Reactome,shared_up,Reactome
Reactome_Pathways_2024,RAF MAP Kinase Cascade,1/265,0.181390820197146,0.2271895436693299,0,0,5.335768398268399,9.108697424710169,DUSP1,0.6436116607744491,Reactome,shared_up,Reactome
Reactome_Pathways_2024,Deubiquitination,1/268,0.183256096813818,0.2271895436693299,0,0,5.275013376136972,8.951015472845306,BIRC3,0.6436116607744491,Reactome,shared_up,Reactome
Reactome_Pathways_2024,MAPK1 MAPK3 Signaling,1/271,0.1851174059527873,0.2271895436693299,0,0,5.215608465608466,8.797505961732176,DUSP1,0.6436116607744491,Reactome,shared_up,Reactome
Reactome_Pathways_2024,Organelle Biogenesis and Maintenance,1/297,0.2010837226592623,0.2431012169462724,0,0,4.751206563706564,7.621096522393087,SIRT4,0.6142128671059525,Reactome,shared_up,Reactome
Reactome_Pathways_2024,MAPK Family Signaling Cascades,1/314,0.211364851233314,0.2487428060360002,0,0,4.48927430397079,6.977093137537967,DUSP1,0.6042494707593106,Reactome,shared_up,Reactome
Reactome_Pathways_2024,Innate Immune System,2/1149,0.2118920199565927,0.2487428060360002,0,0,2.526725236402656,3.920665158773532,CXCL1;BIRC3,0.6042494707593106,Reactome,shared_up,Reactome
Reactome_Pathways_2024,RHO GTPase Cycle,1/450,0.2892787745848837,0.3347368677339369,0,0,3.107858733693923,3.854877451209581,RND1,0.47529645205324655,Reactome,shared_up,Reactome
Reactome_Pathways_2024,Neutrophil Degranulation,1/478,0.3044006733304686,0.3472740076023656,0,0,2.921233902365978,3.474546104091033,CXCL1,0.4593277210868851,Reactome,shared_up,Reactome
Reactome_Pathways_2024,Axon Guidance,1/541,0.3373338856497828,0.3795006213560057,0,0,2.572089947089947,2.795044054943136,RND1,0.4207875086979774,Reactome,shared_up,Reactome
Reactome_Pathways_2024,Nervous System Development,1/567,0.3504963002156102,0.3889068536638962,0,0,2.450656234225139,2.569280563652513,RND1,0.4101544032598855,Reactome,shared_up,Reactome
Reactome_Pathways_2024,Signaling by Rho GTPases,1/672,0.4012094628469203,0.4391617093324398,0,0,2.055993187140728,1.87768026329903,RND1,0.35737553319952076,Reactome,shared_up,Reactome
Reactome_Pathways_2024,"Signaling by Rho GTPases, Miro GTPases and RHOBTB3",1/688,0.4086044947167977,0.4412928542941415,0,0,2.006446246620919,1.7957846324403572,RND1,0.3552731048794541,Reactome,shared_up,Reactome
Reactome_Pathways_2024,Metabolism of Lipids,1/758,0.4399667246433659,0.4689119038962189,0,0,1.8143045857709,1.4896459938923736,PLA2G4C,0.3289087420301426,Reactome,shared_up,Reactome
Reactome_Pathways_2024,Metabolism of Proteins,2/2067,0.4687606479076861,0.4931118503963971,0,0,1.3350717079530638,1.0115344173313847,INHBE;BIRC3,0.30705456043799145,Reactome,shared_up,Reactome
Reactome_Pathways_2024,Adaptive Immune System,1/854,0.4804591836470756,0.498938383018117,0,0,1.6020767040696702,1.1743430507012975,CD200R1,0.3019530847724596,Reactome,shared_up,Reactome
Reactome_Pathways_2024,Metabolism,2/2181,0.4983013928539175,0.5109166179894596,0,0,1.257175133265083,0.8756855634653754,PLA2G4C;SIRT4,0.29164997129747766,Reactome,shared_up,Reactome
Reactome_Pathways_2024,Developmental Biology,1/1385,0.6593354090644625,0.6675771016777683,0,0,0.9600020644095788,0.3998628508294175,RND1,0.17549856831625024,Reactome,shared_up,Reactome
Reactome_Pathways_2024,Post-translational Protein Modification,1/1457,0.6785807090850909,0.6785807090850909,0,0,0.9089972527472528,0.3524653705389079,BIRC3,0.1683984907813522,Reactome,shared_up,Reactome
MSigDB_Hallmark_2020,TNF-alpha Signaling via NF-kB,4/200,1.2150001455530944e-05,0.00013365001601084038,0,0,36.71428571428572,415.5389408534144,DUSP1;CCL4;CXCL1;BIRC3,3.8740309848803642,Hallmarks,shared_up,Hallmarks
MSigDB_Hallmark_2020,IL-6/JAK/STAT3 Signaling,2/87,0.0018930851075216,0.0104119680913689,0,0,36.01809954751131,225.81718412492276,CXCL1;INHBE,1.9824671715043738,Hallmarks,shared_up,Hallmarks
MSigDB_Hallmark_2020,KRAS Signaling Up,2/200,0.0095900084936835,0.0351633644768398,0,0,15.374514374514376,71.44588341233826,TSPAN1;BIRC3,1.4539095777444466,Hallmarks,shared_up,Hallmarks
MSigDB_Hallmark_2020,Unfolded Protein Response,1/113,0.0815059468910249,0.139986908731619,0,0,12.674107142857142,31.77499158030827,TSPYL2,0.8539125766893108,Hallmarks,shared_up,Hallmarks
MSigDB_Hallmark_2020,UV Response Dn,1/144,0.1027568717421913,0.139986908731619,0,0,9.91108891108891,22.55158813317602,DUSP1,0.8539125766893108,Hallmarks,shared_up,Hallmarks
MSigDB_Hallmark_2020,Apoptosis,1/161,0.1142148810321949,0.139986908731619,0,0,8.850446428571429,19.202580703188588,BIRC3,0.8539125766893108,Hallmarks,shared_up,Hallmarks
MSigDB_Hallmark_2020,Hypoxia,1/200,0.139986908731619,0.139986908731619,0,0,7.101938262742283,13.963876250165317,DUSP1,0.8539125766893108,Hallmarks,shared_up,Hallmarks
MSigDB_Hallmark_2020,p53 Pathway,1/200,0.139986908731619,0.139986908731619,0,0,7.101938262742283,13.963876250165317,TSPYL2,0.8539125766893108,Hallmarks,shared_up,Hallmarks
MSigDB_Hallmark_2020,Complement,1/200,0.139986908731619,0.139986908731619,0,0,7.101938262742283,13.963876250165317,CXCL1,0.8539125766893108,Hallmarks,shared_up,Hallmarks
MSigDB_Hallmark_2020,Epithelial Mesenchymal Transition,1/200,0.139986908731619,0.139986908731619,0,0,7.101938262742283,13.963876250165317,CXCL1,0.8539125766893108,Hallmarks,shared_up,Hallmarks
MSigDB_Hallmark_2020,Allograft Rejection,1/200,0.139986908731619,0.139986908731619,0,0,7.101938262742283,13.963876250165317,CCL4,0.8539125766893108,Hallmarks,shared_up,Hallmarks
